fecha,hora,llamadas_recibidas,tmo_pred_seg,ejecutivos_requeridos
2025-10-04,07:00,61.32680708650092,311.712,9
2025-10-04,08:00,107.51940631070234,311.712,14
2025-10-04,09:00,139.02595271705107,311.712,17
2025-10-04,10:00,144.56056185844852,311.712,18
2025-10-04,11:00,137.0359925506331,311.712,17
2025-10-04,12:00,122.86401268910701,311.712,16
2025-10-04,13:00,120.42949252672396,311.712,15
2025-10-04,14:00,120.79456748937814,311.712,15
2025-10-04,15:00,124.7519067994931,311.712,16
2025-10-04,16:00,131.3059028129849,311.712,17
2025-10-04,17:00,146.1902219853553,311.712,18
2025-10-04,18:00,153.10065691593417,311.712,19
2025-10-04,19:00,106.66118205617548,311.712,14
2025-10-04,20:00,72.05449683324942,311.712,10
2025-10-04,21:00,41.65054817881657,311.712,7
2025-10-04,22:00,20.314311438760907,311.71200000000005,5
2025-10-04,23:00,12.031303081957272,311.712,3
2025-10-05,00:00,4.244079859618728,311.712,2
2025-10-05,01:00,4.032507926209636,311.71199999999993,2
2025-10-05,02:00,3.985804779109984,311.71199999999993,2
2025-10-05,03:00,3.6836222755633976,311.7119999999999,2
2025-10-05,04:00,4.576196268083131,311.7119999999999,2
2025-10-05,05:00,12.264905344259313,311.7119999999999,3
2025-10-05,06:00,43.360656959130885,311.7119999999999,7
2025-10-05,07:00,125.06524351898976,311.712,16
2025-10-05,08:00,288.26763642993615,311.712,32
2025-10-05,09:00,412.3508852786626,311.712,45
2025-10-05,10:00,412.6392065327183,311.712,45
2025-10-05,11:00,357.8646672675728,311.712,39
2025-10-05,12:00,344.31648624101916,311.712,38
2025-10-05,13:00,351.6195363480737,311.712,39
2025-10-05,14:00,381.47387626830977,311.712,42
2025-10-05,15:00,417.5612072724348,311.712,46
2025-10-05,16:00,460.78180259933225,311.712,50
2025-10-05,17:00,435.36010873656267,311.712,48
2025-10-05,18:00,364.1336368199566,311.712,40
2025-10-05,19:00,219.90618455358265,311.712,25
2025-10-05,20:00,165.00709438423345,311.712,20
2025-10-05,21:00,91.60374642631453,311.712,12
2025-10-05,22:00,46.7503620430368,311.712,8
2025-10-05,23:00,17.41623771727968,311.712,4
2025-10-06,00:00,5.067454815349181,311.712,2
2025-10-06,01:00,3.9711313742093943,311.712,2
2025-10-06,02:00,3.9561366213091893,311.712,2
2025-10-06,03:00,4.687812215898161,311.712,2
2025-10-06,04:00,10.388512567822708,311.712,3
2025-10-06,05:00,30.029739800869184,311.712,6
2025-10-06,06:00,107.80139809641929,311.712,14
2025-10-06,07:00,365.55264124536217,311.712,40
2025-10-06,08:00,637.4473401352965,311.712,69
2025-10-06,09:00,660.9928440265227,311.712,72
2025-10-06,10:00,531.5355894798765,311.712,58
2025-10-06,11:00,444.6954652610801,311.712,49
2025-10-06,12:00,456.9275558206871,311.712,50
2025-10-06,13:00,468.990065967277,311.712,51
2025-10-06,14:00,489.06527879848784,311.712,53
2025-10-06,15:00,484.4996318318449,311.712,53
2025-10-06,16:00,450.85995217803696,311.712,49
2025-10-06,17:00,421.14163351899816,311.712,46
2025-10-06,18:00,365.11288579523153,311.712,40
2025-10-06,19:00,210.21679401682152,311.712,24
2025-10-06,20:00,135.24765735192386,311.712,17
2025-10-06,21:00,77.38806066514394,311.712,11
2025-10-06,22:00,41.241308099898156,311.712,7
2025-10-06,23:00,15.210547853629997,311.712,4
2025-10-07,00:00,4.966098403590589,311.712,2
2025-10-07,01:00,4.144226394488331,311.712,2
2025-10-07,02:00,4.359947035594535,311.712,2
2025-10-07,03:00,7.341303866374339,311.712,3
2025-10-07,04:00,14.700046856913604,311.712,4
2025-10-07,05:00,47.25417084237567,311.712,8
2025-10-07,06:00,177.07533882409638,311.712,21
2025-10-07,07:00,547.2104950937567,311.712,60
2025-10-07,08:00,740.626923854478,311.712,81
2025-10-07,09:00,733.5476999159584,311.712,80
2025-10-07,10:00,663.5318987278184,311.712,72
2025-10-07,11:00,607.2852360087463,311.712,66
2025-10-07,12:00,659.9315432966798,311.712,72
2025-10-07,13:00,650.8645402767656,311.712,71
2025-10-07,14:00,718.7929874046878,311.712,78
2025-10-07,15:00,850.2760384587461,311.712,93
2025-10-07,16:00,992.8766495799327,311.712,108
2025-10-07,17:00,1191.756755652006,311.712,129
2025-10-07,18:00,999.8963484499509,311.712,109
2025-10-07,19:00,665.4588429330313,311.712,73
2025-10-07,20:00,302.7954452393475,311.712,33
2025-10-07,21:00,117.7673422791759,311.712,15
2025-10-07,22:00,38.98637726770701,311.712,7
2025-10-07,23:00,38.63613227954624,311.712,7
2025-10-08,00:00,16.772807843697432,311.712,4
2025-10-08,01:00,5.017415863219219,311.712,2
2025-10-08,02:00,6.927365441588652,311.712,3
2025-10-08,03:00,19.873066890888555,311.712,4
2025-10-08,04:00,33.538385403682334,311.712,6
2025-10-08,05:00,115.62911044192036,311.712,15
2025-10-08,06:00,292.0965099982679,311.712,32
2025-10-08,07:00,788.3234305017106,311.712,86
2025-10-08,08:00,972.3365804405552,311.712,106
2025-10-08,09:00,1076.0286221853255,311.712,117
2025-10-08,10:00,966.1360808837308,311.712,105
2025-10-08,11:00,930.1197622825485,311.712,101
2025-10-08,12:00,1041.2271022872374,311.712,113
2025-10-08,13:00,1086.8556547094554,311.712,118
2025-10-08,14:00,1078.639979278258,311.712,117
2025-10-08,15:00,1155.4020427560124,311.712,126
2025-10-08,16:00,1183.7275092362445,311.712,129
2025-10-08,17:00,1171.7836529088852,311.712,127
2025-10-08,18:00,977.5720830913194,311.712,106
2025-10-08,19:00,775.0710269201246,311.712,84
2025-10-08,20:00,401.1938144285191,311.712,44
2025-10-08,21:00,174.453095598157,311.712,21
2025-10-08,22:00,122.63636944514053,311.712,16
2025-10-08,23:00,87.69852108697437,311.712,12
2025-10-09,00:00,22.68570606908107,311.712,5
2025-10-09,01:00,15.850108228442533,311.712,4
2025-10-09,02:00,12.887003456974712,311.712,4
2025-10-09,03:00,26.4491436085532,311.712,5
2025-10-09,04:00,36.4424980681042,311.712,6
2025-10-09,05:00,12.69704408550583,311.712,4
2025-10-09,06:00,114.96738613032552,311.712,15
2025-10-09,07:00,776.9157170161398,311.712,85
2025-10-09,08:00,1058.3606576452275,311.712,115
2025-10-09,09:00,1247.7326068047187,311.712,136
2025-10-09,10:00,1324.0286312343044,311.712,144
2025-10-09,11:00,1325.9473855803094,311.712,144
2025-10-09,12:00,1385.6643370006411,311.712,150
2025-10-09,13:00,1504.6886096482822,311.712,163
2025-10-09,14:00,1465.6811551563014,311.712,159
2025-10-09,15:00,1481.3878770379515,311.712,161
2025-10-09,16:00,1460.3341362058063,311.712,159
2025-10-09,17:00,1400.2395421009094,311.712,152
2025-10-09,18:00,1174.3331436668223,311.712,128
2025-10-09,19:00,949.2452069011166,311.712,103
2025-10-09,20:00,595.4445168360734,311.712,65
2025-10-09,21:00,203.54527050479913,311.712,24
2025-10-09,22:00,91.74091419346821,311.712,13
2025-10-09,23:00,97.61260036406709,311.712,13
2025-10-10,00:00,40.45091284470554,311.712,7
2025-10-10,01:00,29.188838195932156,311.712,6
2025-10-10,02:00,9.711271440161498,311.712,3
2025-10-10,03:00,2.886850245228541,311.712,2
2025-10-10,04:00,70.71417886614164,311.712,10
2025-10-10,05:00,170.00138634611986,311.712,20
2025-10-10,06:00,485.8353504662094,311.712,53
2025-10-10,07:00,1162.6630731982448,311.712,126
2025-10-10,08:00,1344.1522326613288,311.712,146
2025-10-10,09:00,1429.3761577127018,311.712,155
2025-10-10,10:00,1373.3963712161215,311.712,149
2025-10-10,11:00,1470.670531746587,311.712,160
2025-10-10,12:00,1518.874289132912,311.712,165
2025-10-10,13:00,1503.0803241838498,311.712,163
2025-10-10,14:00,1519.0883362244062,311.712,165
2025-10-10,15:00,1538.0984776127864,311.712,167
2025-10-10,16:00,1494.2829121004067,311.712,162
2025-10-10,17:00,1433.2096675547346,311.712,156
2025-10-10,18:00,1222.7879389100033,311.712,133
2025-10-10,19:00,970.9390337471525,311.712,106
2025-10-10,20:00,631.4387088360094,311.712,69
2025-10-10,21:00,205.22074584878172,311.712,24
2025-10-10,22:00,100.69587059335045,311.712,13
2025-10-10,23:00,93.86256732130234,311.712,13
2025-10-11,00:00,45.81740901109186,311.712,8
2025-10-11,01:00,36.8574027482155,311.712,7
2025-10-11,02:00,43.93967436271562,311.712,7
2025-10-11,03:00,96.78536201542393,311.712,13
2025-10-11,04:00,177.30823538392664,311.712,21
2025-10-11,05:00,479.48294638823256,311.712,52
2025-10-11,06:00,556.3590107578248,311.712,61
2025-10-11,07:00,1089.8699548161421,311.712,118
2025-10-11,08:00,1243.2913446576563,311.712,135
2025-10-11,09:00,1291.0491132246623,311.712,140
2025-10-11,10:00,1202.9093531175872,311.712,131
2025-10-11,11:00,1287.6210553110704,311.712,140
2025-10-11,12:00,1320.0186098886209,311.712,143
2025-10-11,13:00,1315.293618643121,311.712,143
2025-10-11,14:00,1323.7115865156102,311.712,144
2025-10-11,15:00,1378.3333597094972,311.712,150
2025-10-11,16:00,1348.0897147514588,311.712,146
2025-10-11,17:00,1255.2621238334223,311.712,136
2025-10-11,18:00,1068.6388846289076,311.712,116
2025-10-11,19:00,787.1548694396013,311.712,86
2025-10-11,20:00,452.27951280682515,311.712,49
2025-10-11,21:00,259.29013912000534,311.712,29
2025-10-11,22:00,95.36516795915313,311.712,13
2025-10-11,23:00,117.61756160041895,311.712,15
2025-10-12,00:00,52.41232985237137,311.712,8
2025-10-12,01:00,73.83565564751059,311.712,11
2025-10-12,02:00,82.61303784124256,311.712,12
2025-10-12,03:00,171.6212500702014,311.712,21
2025-10-12,04:00,449.81548885936905,311.712,49
2025-10-12,05:00,448.9907413280122,311.712,49
2025-10-12,06:00,560.9957161846099,311.712,61
2025-10-12,07:00,1085.2160747176358,311.712,118
2025-10-12,08:00,1143.27392401791,311.712,124
2025-10-12,09:00,1107.049754551197,311.712,120
2025-10-12,10:00,1032.6301001802199,311.712,112
2025-10-12,11:00,998.9309070477485,311.712,109
2025-10-12,12:00,1006.2896337360199,311.712,109
2025-10-12,13:00,985.0348465959835,311.712,107
2025-10-12,14:00,1019.8644485250152,311.712,111
2025-10-12,15:00,1042.9208898332554,311.712,113
2025-10-12,16:00,1035.773990430315,311.712,113
2025-10-12,17:00,1017.4540150179585,311.712,111
2025-10-12,18:00,815.3693718595724,311.712,89
2025-10-12,19:00,610.0895355907744,311.712,67
2025-10-12,20:00,372.0692473262765,311.712,41
2025-10-12,21:00,232.68095066480979,311.712,27
2025-10-12,22:00,101.15172545191122,311.712,13
2025-10-12,23:00,97.0727310311768,311.712,13
2025-10-13,00:00,55.221238166883374,311.712,9
2025-10-13,01:00,65.29713627950802,311.712,10
2025-10-13,02:00,111.87741915669268,311.712,15
2025-10-13,03:00,103.75518937354484,311.712,14
2025-10-13,04:00,161.68106836055307,311.712,20
2025-10-13,05:00,438.5471880069265,311.712,48
2025-10-13,06:00,591.0107819067135,311.712,64
2025-10-13,07:00,1100.0941016686895,311.712,120
2025-10-13,08:00,1149.7037556947782,311.712,125
2025-10-13,09:00,1092.7982768680333,311.712,119
2025-10-13,10:00,956.186242015601,311.712,104
2025-10-13,11:00,1016.126904378711,311.712,110
2025-10-13,12:00,1028.9877039213586,311.712,112
2025-10-13,13:00,1002.2622286829225,311.712,109
2025-10-13,14:00,1014.3497923316222,311.712,110
2025-10-13,15:00,1035.7891000261188,311.712,113
2025-10-13,16:00,1013.1526799736044,311.712,110
2025-10-13,17:00,927.1928578978345,311.712,101
2025-10-13,18:00,831.106907168879,311.712,90
2025-10-13,19:00,689.9829915782263,311.712,75
2025-10-13,20:00,444.3056928212178,311.712,49
2025-10-13,21:00,197.46831238463201,311.712,23
2025-10-13,22:00,97.52714421170042,311.712,13
2025-10-13,23:00,124.36939642108285,311.712,16
2025-10-14,00:00,53.84174690665103,311.712,8
2025-10-14,01:00,55.365419363212496,311.712,9
2025-10-14,02:00,61.045657690822736,311.712,9
2025-10-14,03:00,94.07574946737762,311.712,13
2025-10-14,04:00,138.59956554648323,311.712,17
2025-10-14,05:00,283.43812265907303,311.712,31
2025-10-14,06:00,572.455580468707,311.712,62
2025-10-14,07:00,1051.547313863185,311.712,114
2025-10-14,08:00,1144.404166178684,311.712,124
2025-10-14,09:00,1091.6340972102516,311.712,119
2025-10-14,10:00,945.7280132081364,311.712,103
2025-10-14,11:00,1006.761939142898,311.712,109
2025-10-14,12:00,1029.0715939782665,311.712,112
2025-10-14,13:00,1003.6917216751739,311.712,109
2025-10-14,14:00,1007.940408119234,311.712,110
2025-10-14,15:00,1020.9080627095049,311.712,111
2025-10-14,16:00,974.9712323554804,311.712,106
2025-10-14,17:00,949.0834436070195,311.712,103
2025-10-14,18:00,845.219975170356,311.712,92
2025-10-14,19:00,681.285285104105,311.712,74
2025-10-14,20:00,445.1287720053567,311.712,49
2025-10-14,21:00,237.8622013061037,311.712,27
2025-10-14,22:00,107.63025616297337,311.712,14
2025-10-14,23:00,114.42741961657018,311.712,15
2025-10-15,00:00,49.17290830340254,311.712,8
2025-10-15,01:00,50.79416109441769,311.712,8
2025-10-15,02:00,58.909615573841045,311.712,9
2025-10-15,03:00,101.08965835461272,311.712,13
2025-10-15,04:00,160.533787506024,311.712,19
2025-10-15,05:00,446.23775876780905,311.712,49
2025-10-15,06:00,578.6978135542157,311.712,63
2025-10-15,07:00,1074.133579637043,311.712,117
2025-10-15,08:00,1250.419996964108,311.712,136
2025-10-15,09:00,1314.5651042474617,311.712,143
2025-10-15,10:00,1207.4853301976607,311.712,131
2025-10-15,11:00,1252.4409455920843,311.712,136
2025-10-15,12:00,1328.726542306358,311.712,144
2025-10-15,13:00,1333.475535588409,311.712,145
2025-10-15,14:00,1306.590769864262,311.712,142
2025-10-15,15:00,1334.6487150316386,311.712,145
2025-10-15,16:00,1235.584494391611,311.712,134
2025-10-15,17:00,1115.039140043519,311.712,121
2025-10-15,18:00,907.9166005662157,311.712,99
2025-10-15,19:00,814.2579994404584,311.712,89
2025-10-15,20:00,477.6998566620701,311.712,52
2025-10-15,21:00,254.42784345196443,311.712,29
2025-10-15,22:00,93.17257701046385,311.712,13
2025-10-15,23:00,69.5092448358015,311.712,10
2025-10-16,00:00,59.173174740609404,311.712,9
2025-10-16,01:00,70.75164293161622,311.712,10
2025-10-16,02:00,102.10409216372065,311.712,14
2025-10-16,03:00,153.08222879014468,311.712,19
2025-10-16,04:00,381.3833290961534,311.712,42
2025-10-16,05:00,404.519258785058,311.712,44
2025-10-16,06:00,554.9102040817977,311.712,61
2025-10-16,07:00,1078.88607892464,311.712,117
2025-10-16,08:00,1307.0720613029032,311.712,142
2025-10-16,09:00,1398.6498181999777,311.712,152
2025-10-16,10:00,1409.847723563122,311.712,153
2025-10-16,11:00,1505.1846965776417,311.712,163
2025-10-16,12:00,1526.3899816054302,311.712,166
2025-10-16,13:00,1486.110250177765,311.712,161
2025-10-16,14:00,1486.4905892454103,311.712,161
2025-10-16,15:00,1454.542370532278,311.712,158
2025-10-16,16:00,1408.70974417273,311.712,153
2025-10-16,17:00,1367.8941411009496,311.712,149
2025-10-16,18:00,1196.3443226895913,311.712,130
2025-10-16,19:00,992.302354626164,311.712,108
2025-10-16,20:00,640.0336287738182,311.712,70
2025-10-16,21:00,262.1336473430564,311.712,29
2025-10-16,22:00,111.70703980050136,311.712,15
2025-10-16,23:00,126.72864726482351,311.712,16
2025-10-17,00:00,59.61548745395926,311.712,9
2025-10-17,01:00,77.54026231815817,311.712,11
2025-10-17,02:00,146.15478980296209,311.712,18
2025-10-17,03:00,163.69308282737745,311.712,20
2025-10-17,04:00,437.7800462933463,311.712,48
2025-10-17,05:00,470.45535636247473,311.712,51
2025-10-17,06:00,555.8678870739437,311.712,61
2025-10-17,07:00,1068.4203408000135,311.712,116
2025-10-17,08:00,1319.5810334988341,311.712,143
2025-10-17,09:00,1389.3775599827413,311.712,151
2025-10-17,10:00,1403.5455438261704,311.712,152
2025-10-17,11:00,1541.0790947290825,311.712,167
2025-10-17,12:00,1570.016299888449,311.712,170
2025-10-17,13:00,1525.179035159271,311.712,166
2025-10-17,14:00,1531.5857542852857,311.712,166
2025-10-17,15:00,1528.0724429077898,311.712,166
2025-10-17,16:00,1502.3163715858614,311.712,163
2025-10-17,17:00,1475.2753239628692,311.712,160
2025-10-17,18:00,1304.227634777124,311.712,142
2025-10-17,19:00,1018.2435397653977,311.712,111
2025-10-17,20:00,681.0123882082946,311.712,74
2025-10-17,21:00,296.9637707090021,311.712,33
2025-10-17,22:00,136.61414146320828,311.712,17
2025-10-17,23:00,130.3879724852615,311.712,16
2025-10-18,00:00,69.7472245307664,311.712,10
2025-10-18,01:00,81.13303430185034,311.712,11
2025-10-18,02:00,147.4588685102348,311.712,18
2025-10-18,03:00,162.9315088013548,311.712,20
2025-10-18,04:00,421.15812354522785,311.712,46
2025-10-18,05:00,508.47132763257036,311.712,56
2025-10-18,06:00,592.3717768293212,311.712,65
2025-10-18,07:00,1104.3793529236068,311.712,120
2025-10-18,08:00,1238.6069109876319,311.712,135
2025-10-18,09:00,1279.3799955459613,311.712,139
2025-10-18,10:00,1251.2338090459739,311.712,136
2025-10-18,11:00,1300.1363147813613,311.712,141
2025-10-18,12:00,1355.7642575179707,311.712,147
2025-10-18,13:00,1341.586281851929,311.712,146
2025-10-18,14:00,1372.8477936403467,311.712,149
2025-10-18,15:00,1412.8033868717657,311.712,153
2025-10-18,16:00,1373.2171871673909,311.712,149
2025-10-18,17:00,1317.827252064224,311.712,143
2025-10-18,18:00,1168.1645950956795,311.712,127
2025-10-18,19:00,838.5307420314424,311.712,91
2025-10-18,20:00,479.5055515347437,311.712,52
2025-10-18,21:00,221.55978665550444,311.712,25
2025-10-18,22:00,71.11916208265905,311.712,10
2025-10-18,23:00,137.48204333997668,311.712,17
2025-10-19,00:00,84.1586565020531,311.712,12
2025-10-19,01:00,95.56467206180668,311.712,13
2025-10-19,02:00,131.9981450468623,311.712,17
2025-10-19,03:00,131.3218929323905,311.712,17
2025-10-19,04:00,285.1449912539078,311.712,32
2025-10-19,05:00,500.75730708641385,311.712,55
2025-10-19,06:00,550.801582528971,311.712,60
2025-10-19,07:00,1057.3275940368505,311.712,115
2025-10-19,08:00,1143.868069217329,311.712,124
2025-10-19,09:00,1115.390674558714,311.712,121
2025-10-19,10:00,1024.372334128093,311.712,111
2025-10-19,11:00,1010.9166364521167,311.712,110
2025-10-19,12:00,1011.2473093930719,311.712,110
2025-10-19,13:00,996.4100687195777,311.712,108
2025-10-19,14:00,1011.0328567552716,311.712,110
2025-10-19,15:00,1054.3668443033098,311.712,115
2025-10-19,16:00,1055.7436611009584,311.712,115
2025-10-19,17:00,1008.3591226710666,311.712,110
2025-10-19,18:00,815.8518655367224,311.712,89
2025-10-19,19:00,609.3336140600082,311.712,66
2025-10-19,20:00,388.6763667928908,311.712,43
2025-10-19,21:00,237.54410162104804,311.712,27
2025-10-19,22:00,96.4863826126965,311.712,13
2025-10-19,23:00,114.9609429895895,311.712,15
2025-10-20,00:00,65.15997632626558,311.712,10
2025-10-20,01:00,63.35129482506806,311.712,9
2025-10-20,02:00,115.00950039578508,311.712,15
2025-10-20,03:00,98.65772867608646,311.712,13
2025-10-20,04:00,141.26560423325927,311.712,18
2025-10-20,05:00,326.5380440992937,311.712,36
2025-10-20,06:00,595.2867335519123,311.712,65
2025-10-20,07:00,1095.3779417247226,311.712,119
2025-10-20,08:00,1150.3714959231063,311.712,125
2025-10-20,09:00,1096.2188564084613,311.712,119
2025-10-20,10:00,956.186242015601,311.712,104
2025-10-20,11:00,1016.126904378711,311.712,110
2025-10-20,12:00,1028.364935742518,311.712,112
2025-10-20,13:00,1002.2622286829225,311.712,109
2025-10-20,14:00,1011.1835299345194,311.712,110
2025-10-20,15:00,1030.7554835350413,311.712,112
2025-10-20,16:00,1024.2839988171459,311.712,111
2025-10-20,17:00,934.4284963026241,311.712,102
2025-10-20,18:00,831.106907168879,311.712,90
2025-10-20,19:00,678.0162295234658,311.712,74
2025-10-20,20:00,468.51272031272686,311.712,51
2025-10-20,21:00,219.86591695856586,311.712,25
2025-10-20,22:00,95.23653990128241,311.712,13
2025-10-20,23:00,111.04759349837302,311.712,15
2025-10-21,00:00,56.26513190610155,311.712,9
2025-10-21,01:00,58.130439793947275,311.712,9
2025-10-21,02:00,59.13468085554701,311.712,9
2025-10-21,03:00,99.6740751216582,311.712,13
2025-10-21,04:00,156.65572463561406,311.712,19
2025-10-21,05:00,434.1524360533954,311.712,47
2025-10-21,06:00,582.294509826917,311.712,64
2025-10-21,07:00,1079.0303315876567,311.712,117
2025-10-21,08:00,1142.9403565617486,311.712,124
2025-10-21,09:00,1085.277898177984,311.712,118
2025-10-21,10:00,945.7280132081364,311.712,103
2025-10-21,11:00,1003.4638996775185,311.712,109
2025-10-21,12:00,1027.6898968693743,311.712,112
2025-10-21,13:00,1003.6917216751739,311.712,109
2025-10-21,14:00,1007.940408119234,311.712,110
2025-10-21,15:00,1041.9148025213608,311.712,113
2025-10-21,16:00,991.3460166410116,311.712,108
2025-10-21,17:00,963.5147940650813,311.712,105
2025-10-21,18:00,819.833832489363,311.712,89
2025-10-21,19:00,667.1612979170378,311.712,73
2025-10-21,20:00,378.8132510489304,311.712,42
2025-10-21,21:00,190.71557046975505,311.712,22
2025-10-21,22:00,97.91841036361939,311.712,13
2025-10-21,23:00,120.92443700046881,311.712,16
2025-10-22,00:00,44.52729222759669,311.712,7
2025-10-22,01:00,49.84621026426159,311.712,8
2025-10-22,02:00,60.46098505296759,311.712,9
2025-10-22,03:00,104.97954996414322,311.712,14
2025-10-22,04:00,163.91309973409787,311.712,20
2025-10-22,05:00,441.55932399145627,311.712,48
2025-10-22,06:00,578.6978135542157,311.712,63
2025-10-22,07:00,1074.444893686768,311.712,117
2025-10-22,08:00,1256.5442072140313,311.712,136
2025-10-22,09:00,1309.5741357763384,311.712,142
2025-10-22,10:00,1197.0565980704773,311.712,130
2025-10-22,11:00,1262.4580786555832,311.712,137
2025-10-22,12:00,1330.7310075940911,311.712,145
2025-10-22,13:00,1333.475535588409,311.712,145
2025-10-22,14:00,1306.590769864262,311.712,142
2025-10-22,15:00,1331.2039130319172,311.712,145
2025-10-22,16:00,1233.8324272981413,311.712,134
2025-10-22,17:00,1100.7123563693217,311.712,120
2025-10-22,18:00,922.8115969436234,311.712,100
2025-10-22,19:00,814.2579994404584,311.712,89
2025-10-22,20:00,465.9059631154819,311.712,51
2025-10-22,21:00,288.40909236417656,311.712,32
2025-10-22,22:00,112.00892877606043,311.712,15
2025-10-22,23:00,64.19771469718586,311.712,10
2025-10-23,00:00,64.73643852374173,311.712,10
2025-10-23,01:00,71.98518578014333,311.712,10
2025-10-23,02:00,103.16959005876134,311.712,14
2025-10-23,03:00,152.30333908532126,311.712,19
2025-10-23,04:00,377.40963050177743,311.712,41
2025-10-23,05:00,404.519258785058,311.712,44
2025-10-23,06:00,557.6791019628168,311.712,61
2025-10-23,07:00,1078.88607892464,311.712,117
2025-10-23,08:00,1307.0720613029032,311.712,142
2025-10-23,09:00,1400.780341685493,311.712,152
2025-10-23,10:00,1415.4018995500958,311.712,154
2025-10-23,11:00,1505.1846965776417,311.712,163
2025-10-23,12:00,1526.3899816054302,311.712,166
2025-10-23,13:00,1486.110250177765,311.712,161
2025-10-23,14:00,1486.4905892454103,311.712,161
2025-10-23,15:00,1453.7939947326188,311.712,158
2025-10-23,16:00,1408.70974417273,311.712,153
2025-10-23,17:00,1367.8941411009496,311.712,149
2025-10-23,18:00,1231.1191415447556,311.712,134
2025-10-23,19:00,992.302354626164,311.712,108
2025-10-23,20:00,660.910487311413,311.712,72
2025-10-23,21:00,262.7102680519343,311.712,29
2025-10-23,22:00,112.15150109302905,311.712,15
2025-10-23,23:00,127.17310855735117,311.712,16
2025-10-24,00:00,59.599073654398936,311.712,9
2025-10-24,01:00,77.550963112026,311.712,11
2025-10-24,02:00,146.15478980296209,311.712,18
2025-10-24,03:00,163.69308282737745,311.712,20
2025-10-24,04:00,437.7800462933463,311.712,48
2025-10-24,05:00,470.42824176904656,311.712,51
2025-10-24,06:00,555.8407724805155,311.712,61
2025-10-24,07:00,1068.4203408000135,311.712,116
2025-10-24,08:00,1319.5810334988341,311.712,143
2025-10-24,09:00,1389.3775599827413,311.712,151
2025-10-24,10:00,1403.5455438261704,311.712,152
2025-10-24,11:00,1541.0790947290825,311.712,167
2025-10-24,12:00,1570.016299888449,311.712,170
2025-10-24,13:00,1525.179035159271,311.712,166
2025-10-24,14:00,1531.5857542852857,311.712,166
2025-10-24,15:00,1528.0724429077898,311.712,166
2025-10-24,16:00,1502.3163715858614,311.712,163
2025-10-24,17:00,1475.2753239628692,311.712,160
2025-10-24,18:00,1304.227634777124,311.712,142
2025-10-24,19:00,1018.2435397653977,311.712,111
2025-10-24,20:00,681.0123882082946,311.712,74
2025-10-24,21:00,296.9637707090021,311.712,33
2025-10-24,22:00,137.058602755736,311.712,17
2025-10-24,23:00,130.8324337777892,311.712,17
2025-10-25,00:00,69.99962865562036,311.712,10
2025-10-25,01:00,81.14373509571817,311.712,11
2025-10-25,02:00,147.4695693041026,311.712,18
2025-10-25,03:00,162.9315088013548,311.712,20
2025-10-25,04:00,421.15812354522785,311.712,46
2025-10-25,05:00,508.4442130391422,311.712,56
2025-10-25,06:00,592.344662235893,311.712,65
2025-10-25,07:00,1104.3793529236068,311.712,120
2025-10-25,08:00,1238.6069109876319,311.712,135
2025-10-25,09:00,1279.3799955459613,311.712,139
2025-10-25,10:00,1251.2338090459739,311.712,136
2025-10-25,11:00,1300.1363147813613,311.712,141
2025-10-25,12:00,1355.7642575179707,311.712,147
2025-10-25,13:00,1341.586281851929,311.712,146
2025-10-25,14:00,1372.8477936403467,311.712,149
2025-10-25,15:00,1412.8033868717657,311.712,153
2025-10-25,16:00,1373.2171871673909,311.712,149
2025-10-25,17:00,1317.827252064224,311.712,143
2025-10-25,18:00,1168.1645950956795,311.712,127
2025-10-25,19:00,838.5307420314424,311.712,91
2025-10-25,20:00,479.5055515347437,311.712,52
2025-10-25,21:00,221.72472922975,311.712,25
2025-10-25,22:00,71.56362337518672,311.712,10
2025-10-25,23:00,137.9265046325044,311.712,17
2025-10-26,00:00,84.13154190862495,311.712,12
2025-10-26,01:00,95.56467206180668,311.712,13
2025-10-26,02:00,131.9981450468623,311.712,17
2025-10-26,03:00,131.3218929323905,311.712,17
2025-10-26,04:00,285.1449912539078,311.712,32
2025-10-26,05:00,500.75730708641385,311.712,55
2025-10-26,06:00,550.801582528971,311.712,60
2025-10-26,07:00,1057.3275940368505,311.712,115
2025-10-26,08:00,1143.868069217329,311.712,124
2025-10-26,09:00,1115.390674558714,311.712,121
2025-10-26,10:00,1024.372334128093,311.712,111
2025-10-26,11:00,1010.9166364521167,311.712,110
2025-10-26,12:00,1011.2473093930719,311.712,110
2025-10-26,13:00,996.4100687195777,311.712,108
2025-10-26,14:00,1011.0328567552716,311.712,110
2025-10-26,15:00,1054.3668443033098,311.712,115
2025-10-26,16:00,1055.7436611009584,311.712,115
2025-10-26,17:00,1008.3591226710666,311.712,110
2025-10-26,18:00,815.8518655367224,311.712,89
2025-10-26,19:00,609.7109056301707,311.712,66
2025-10-26,20:00,388.8413093671364,311.712,43
2025-10-26,21:00,237.70904419529361,311.712,27
2025-10-26,22:00,97.02861675710457,311.712,13
2025-10-26,23:00,115.50317713399757,311.712,15
2025-10-27,00:00,65.15997632626558,311.712,10
2025-10-27,01:00,63.35129482506806,311.712,9
2025-10-27,02:00,115.00950039578508,311.712,15
2025-10-27,03:00,98.65772867608646,311.712,13
2025-10-27,04:00,141.26560423325927,311.712,18
2025-10-27,05:00,326.5380440992937,311.712,36
2025-10-27,06:00,595.2867335519123,311.712,65
2025-10-27,07:00,1095.3779417247226,311.712,119
2025-10-27,08:00,1150.3714959231063,311.712,125
2025-10-27,09:00,1096.2188564084613,311.712,119
2025-10-27,10:00,956.186242015601,311.712,104
2025-10-27,11:00,1016.126904378711,311.712,110
2025-10-27,12:00,1028.364935742518,311.712,112
2025-10-27,13:00,1002.2622286829225,311.712,109
2025-10-27,14:00,1011.1835299345194,311.712,110
2025-10-27,15:00,1030.7554835350413,311.712,112
2025-10-27,16:00,1024.2839988171459,311.712,111
2025-10-27,17:00,934.4284963026241,311.712,102
2025-10-27,18:00,831.106907168879,311.712,90
2025-10-27,19:00,678.545818949406,311.712,74
2025-10-27,20:00,468.51272031272686,311.712,51
2025-10-27,21:00,219.86591695856586,311.712,25
2025-10-27,22:00,95.23653990128241,311.712,13
2025-10-27,23:00,111.04759349837302,311.712,15
2025-10-28,00:00,56.26513190610155,311.712,9
2025-10-28,01:00,58.130439793947275,311.712,9
2025-10-28,02:00,59.13468085554701,311.712,9
2025-10-28,03:00,99.6740751216582,311.712,13
2025-10-28,04:00,156.65572463561406,311.712,19
2025-10-28,05:00,434.1524360533954,311.712,47
2025-10-28,06:00,582.294509826917,311.712,64
2025-10-28,07:00,1079.0303315876567,311.712,117
2025-10-28,08:00,1142.9403565617486,311.712,124
2025-10-28,09:00,1085.277898177984,311.712,118
2025-10-28,10:00,945.7280132081364,311.712,103
2025-10-28,11:00,1003.4638996775185,311.712,109
2025-10-28,12:00,1027.6898968693743,311.712,112
2025-10-28,13:00,1003.6917216751739,311.712,109
2025-10-28,14:00,1007.940408119234,311.712,110
2025-10-28,15:00,1041.9148025213608,311.712,113
2025-10-28,16:00,991.3460166410116,311.712,108
2025-10-28,17:00,963.5147940650813,311.712,105
2025-10-28,18:00,819.833832489363,311.712,89
2025-10-28,19:00,667.1612979170378,311.712,73
2025-10-28,20:00,378.8132510489304,311.712,42
2025-10-28,21:00,190.71557046975505,311.712,22
2025-10-28,22:00,97.91841036361939,311.712,13
2025-10-28,23:00,120.92443700046881,311.712,16
2025-10-29,00:00,44.52729222759669,311.712,7
2025-10-29,01:00,49.84621026426159,311.712,8
2025-10-29,02:00,60.46098505296759,311.712,9
2025-10-29,03:00,104.97954996414322,311.712,14
2025-10-29,04:00,163.91309973409787,311.712,20
2025-10-29,05:00,441.55932399145627,311.712,48
2025-10-29,06:00,578.6978135542157,311.712,63
2025-10-29,07:00,1074.444893686768,311.712,117
2025-10-29,08:00,1256.5442072140313,311.712,136
2025-10-29,09:00,1309.5741357763384,311.712,142
2025-10-29,10:00,1197.0565980704773,311.712,130
2025-10-29,11:00,1262.4580786555832,311.712,137
2025-10-29,12:00,1330.7310075940911,311.712,145
2025-10-29,13:00,1333.475535588409,311.712,145
2025-10-29,14:00,1306.590769864262,311.712,142
2025-10-29,15:00,1331.2039130319172,311.712,145
2025-10-29,16:00,1233.8324272981413,311.712,134
2025-10-29,17:00,1100.7123563693217,311.712,120
2025-10-29,18:00,922.8115969436234,311.712,100
2025-10-29,19:00,814.2579994404584,311.712,89
2025-10-29,20:00,465.9059631154819,311.712,51
2025-10-29,21:00,288.40909236417656,311.712,32
2025-10-29,22:00,112.00892877606043,311.712,15
2025-10-29,23:00,64.40912454788203,311.712,10
2025-10-30,00:00,64.9478483744379,311.712,10
2025-10-30,01:00,71.98518578014333,311.712,10
2025-10-30,02:00,103.16959005876134,311.712,14
2025-10-30,03:00,152.30333908532126,311.712,19
2025-10-30,04:00,377.40963050177743,311.712,41
2025-10-30,05:00,404.519258785058,311.712,44
2025-10-30,06:00,557.6791019628168,311.712,61
2025-10-30,07:00,1078.88607892464,311.712,117
2025-10-30,08:00,1307.0720613029032,311.712,142
2025-10-30,09:00,1400.780341685493,311.712,152
2025-10-30,10:00,1415.4018995500958,311.712,154
2025-10-30,11:00,1505.1846965776417,311.712,163
2025-10-30,12:00,1526.3899816054302,311.712,166
2025-10-30,13:00,1486.110250177765,311.712,161
2025-10-30,14:00,1486.4905892454103,311.712,161
2025-10-30,15:00,1453.7939947326188,311.712,158
2025-10-30,16:00,1408.70974417273,311.712,153
2025-10-30,17:00,1367.8941411009496,311.712,149
2025-10-30,18:00,1231.1191415447556,311.712,134
2025-10-30,19:00,992.302354626164,311.712,108
2025-10-30,20:00,660.910487311413,311.712,72
2025-10-30,21:00,262.7102680519343,311.712,29
2025-10-30,22:00,112.15150109302905,311.712,15
2025-10-30,23:00,127.17310855735117,311.712,16
2025-10-31,00:00,59.599073654398936,311.712,9
2025-10-31,01:00,77.550963112026,311.712,11
2025-10-31,02:00,146.15478980296209,311.712,18
2025-10-31,03:00,163.69308282737745,311.712,20
2025-10-31,04:00,437.7800462933463,311.712,48
2025-10-31,05:00,470.42824176904656,311.712,51
2025-10-31,06:00,555.8407724805155,311.712,61
2025-10-31,07:00,1068.4203408000135,311.712,116
2025-10-31,08:00,1319.5810334988341,311.712,143
2025-10-31,09:00,1389.3775599827413,311.712,151
2025-10-31,10:00,1403.5455438261704,311.712,152
2025-10-31,11:00,1541.0790947290825,311.712,167
2025-10-31,12:00,1570.016299888449,311.712,170
2025-10-31,13:00,1525.179035159271,311.712,166
2025-10-31,14:00,1531.5857542852857,311.712,166
2025-10-31,15:00,1528.0724429077898,311.712,166
2025-10-31,16:00,1502.3163715858614,311.712,163
2025-10-31,17:00,1475.2753239628692,311.712,160
2025-10-31,18:00,1304.227634777124,311.712,142
2025-10-31,19:00,1018.2435397653977,311.712,111
2025-10-31,20:00,681.0123882082946,311.712,74
2025-10-31,21:00,296.9637707090021,311.712,33
2025-10-31,22:00,137.058602755736,311.712,17
2025-10-31,23:00,130.8324337777892,311.712,17
2025-11-01,00:00,70.2289376732615,311.712,10
2025-11-01,01:00,81.14373509571817,311.712,11
2025-11-01,02:00,147.4695693041026,311.712,18
2025-11-01,03:00,163.1608178189959,311.712,20
2025-11-01,04:00,421.15812354522785,311.712,46
2025-11-01,05:00,508.4442130391422,311.712,56
2025-11-01,06:00,592.344662235893,311.712,65
2025-11-01,07:00,1104.3793529236068,311.712,120
2025-11-01,08:00,1238.6069109876319,311.712,135
2025-11-01,09:00,1279.3799955459613,311.712,139
2025-11-01,10:00,1251.2338090459739,311.712,136
2025-11-01,11:00,1300.1363147813613,311.712,141
2025-11-01,12:00,1355.7642575179707,311.712,147
2025-11-01,13:00,1341.586281851929,311.712,146
2025-11-01,14:00,1372.8477936403467,311.712,149
2025-11-01,15:00,1412.8033868717657,311.712,153
2025-11-01,16:00,1373.2171871673909,311.712,149
2025-11-01,17:00,1317.827252064224,311.712,143
2025-11-01,18:00,1168.1645950956795,311.712,127
2025-11-01,19:00,838.5307420314424,311.712,91
2025-11-01,20:00,479.5055515347437,311.712,52
2025-11-01,21:00,221.72472922975,311.712,25
2025-11-01,22:00,71.79293239282785,311.712,10
2025-11-01,23:00,139.34405111291102,311.712,17
2025-11-02,00:00,84.36085092626608,311.712,12
2025-11-02,01:00,95.56467206180668,311.712,13
2025-11-02,02:00,132.39919383870438,311.712,17
2025-11-02,03:00,131.55120195003164,311.712,17
2025-11-02,04:00,285.1449912539078,311.712,32
2025-11-02,05:00,500.75730708641385,311.712,55
2025-11-02,06:00,550.801582528971,311.712,60
2025-11-02,07:00,1057.3275940368505,311.712,115
2025-11-02,08:00,1143.868069217329,311.712,124
2025-11-02,09:00,1115.390674558714,311.712,121
2025-11-02,10:00,1024.372334128093,311.712,111
2025-11-02,11:00,1010.9166364521167,311.712,110
2025-11-02,12:00,1011.2473093930719,311.712,110
2025-11-02,13:00,996.4100687195777,311.712,108
2025-11-02,14:00,1011.0328567552716,311.712,110
2025-11-02,15:00,1054.3668443033098,311.712,115
2025-11-02,16:00,1055.7436611009584,311.712,115
2025-11-02,17:00,1008.3591226710666,311.712,110
2025-11-02,18:00,815.8518655367224,311.712,89
2025-11-02,19:00,609.7109056301707,311.712,66
2025-11-02,20:00,388.8413093671364,311.712,43
2025-11-02,21:00,237.93835321293471,311.712,27
2025-11-02,22:00,97.2579257747457,311.712,13
2025-11-02,23:00,115.50317713399757,311.712,15
2025-11-03,00:00,65.38928534390669,311.712,10
2025-11-03,01:00,63.35129482506806,311.712,9
2025-11-03,02:00,115.00950039578508,311.712,15
2025-11-03,03:00,98.88703769372756,311.712,13
2025-11-03,04:00,141.26560423325927,311.712,18
2025-11-03,05:00,326.5380440992937,311.712,36
2025-11-03,06:00,595.2867335519123,311.712,65
2025-11-03,07:00,1095.3779417247226,311.712,119
2025-11-03,08:00,1150.3714959231063,311.712,125
2025-11-03,09:00,1096.2188564084613,311.712,119
2025-11-03,10:00,956.186242015601,311.712,104
2025-11-03,11:00,1016.126904378711,311.712,110
2025-11-03,12:00,1028.364935742518,311.712,112
2025-11-03,13:00,1002.2622286829225,311.712,109
2025-11-03,14:00,1011.1835299345194,311.712,110
2025-11-03,15:00,1030.7554835350413,311.712,112
2025-11-03,16:00,1024.2839988171459,311.712,111
2025-11-03,17:00,934.4284963026241,311.712,102
2025-11-03,18:00,831.106907168879,311.712,90
2025-11-03,19:00,678.545818949406,311.712,74
2025-11-03,20:00,468.51272031272686,311.712,51
2025-11-03,21:00,219.86591695856586,311.712,25
2025-11-03,22:00,95.46584891892351,311.712,13
2025-11-03,23:00,111.04759349837302,311.712,15
2025-11-04,00:00,56.49444092374267,311.712,9
2025-11-04,01:00,58.145331999900314,311.712,9
2025-11-04,02:00,59.13468085554701,311.712,9
2025-11-04,03:00,99.6740751216582,311.712,13
2025-11-04,04:00,156.65572463561406,311.712,19
2025-11-04,05:00,434.1524360533954,311.712,47
2025-11-04,06:00,582.294509826917,311.712,64
2025-11-04,07:00,1079.0303315876567,311.712,117
2025-11-04,08:00,1142.9403565617486,311.712,124
2025-11-04,09:00,1085.277898177984,311.712,118
2025-11-04,10:00,945.7280132081364,311.712,103
2025-11-04,11:00,1003.4638996775185,311.712,109
2025-11-04,12:00,1027.6898968693743,311.712,112
2025-11-04,13:00,1003.6917216751739,311.712,109
2025-11-04,14:00,1007.940408119234,311.712,110
2025-11-04,15:00,1041.9148025213608,311.712,113
2025-11-04,16:00,991.3460166410116,311.712,108
2025-11-04,17:00,963.5147940650813,311.712,105
2025-11-04,18:00,819.833832489363,311.712,89
2025-11-04,19:00,667.1612979170378,311.712,73
2025-11-04,20:00,378.8132510489304,311.712,42
2025-11-04,21:00,190.94487948739615,311.712,22
2025-11-04,22:00,98.14771938126052,311.712,13
2025-11-04,23:00,120.92443700046881,311.712,16
2025-11-05,00:00,44.77149345119085,311.712,7
2025-11-05,01:00,49.86110247021463,311.712,8
2025-11-05,02:00,60.46098505296759,311.712,9
2025-11-05,03:00,104.97954996414322,311.712,14
2025-11-05,04:00,163.91309973409787,311.712,20
2025-11-05,05:00,441.55932399145627,311.712,48
2025-11-05,06:00,578.6978135542157,311.712,63
2025-11-05,07:00,1074.444893686768,311.712,117
2025-11-05,08:00,1256.5442072140313,311.712,136
2025-11-05,09:00,1309.5741357763384,311.712,142
2025-11-05,10:00,1197.0565980704773,311.712,130
2025-11-05,11:00,1262.4580786555832,311.712,137
2025-11-05,12:00,1330.7310075940911,311.712,145
2025-11-05,13:00,1333.475535588409,311.712,145
2025-11-05,14:00,1306.590769864262,311.712,142
2025-11-05,15:00,1331.2039130319172,311.712,145
2025-11-05,16:00,1233.8324272981413,311.712,134
2025-11-05,17:00,1100.7123563693217,311.712,120
2025-11-05,18:00,922.8115969436234,311.712,100
2025-11-05,19:00,814.2579994404584,311.712,89
2025-11-05,20:00,465.9059631154819,311.712,51
2025-11-05,21:00,288.40909236417656,311.712,32
2025-11-05,22:00,112.23823779370159,311.712,15
2025-11-05,23:00,64.63843356552316,311.712,10
2025-11-06,00:00,64.96274058039094,311.712,10
2025-11-06,01:00,72.46983570073647,311.712,10
2025-11-06,02:00,103.16959005876134,311.712,14
2025-11-06,03:00,152.56407297771068,311.712,19
2025-11-06,04:00,385.227885734099,311.712,42
2025-11-06,05:00,404.519258785058,311.712,44
2025-11-06,06:00,557.6791019628168,311.712,61
2025-11-06,07:00,1078.88607892464,311.712,117
2025-11-06,08:00,1307.0720613029032,311.712,142
2025-11-06,09:00,1400.780341685493,311.712,152
2025-11-06,10:00,1415.4018995500958,311.712,154
2025-11-06,11:00,1505.1846965776417,311.712,163
2025-11-06,12:00,1526.3899816054302,311.712,166
2025-11-06,13:00,1486.110250177765,311.712,161
2025-11-06,14:00,1486.4905892454103,311.712,161
2025-11-06,15:00,1453.7939947326188,311.712,158
2025-11-06,16:00,1408.70974417273,311.712,153
2025-11-06,17:00,1367.8941411009496,311.712,149
2025-11-06,18:00,1231.1191415447556,311.712,134
2025-11-06,19:00,992.302354626164,311.712,108
2025-11-06,20:00,660.910487311413,311.712,72
2025-11-06,21:00,262.7102680519343,311.712,29
2025-11-06,22:00,112.38081011067017,311.712,15
2025-11-06,23:00,127.4024175749923,311.712,16
2025-11-07,00:00,59.843274877993096,311.712,9
2025-11-07,01:00,77.550963112026,311.712,11
2025-11-07,02:00,146.15478980296209,311.712,18
2025-11-07,03:00,163.92239184501855,311.712,20
2025-11-07,04:00,437.7800462933463,311.712,48
2025-11-07,05:00,470.42824176904656,311.712,51
2025-11-07,06:00,555.8407724805155,311.712,61
2025-11-07,07:00,1068.4203408000135,311.712,116
2025-11-07,08:00,1319.5810334988341,311.712,143
2025-11-07,09:00,1389.3775599827413,311.712,151
2025-11-07,10:00,1403.5455438261704,311.712,152
2025-11-07,11:00,1541.0790947290825,311.712,167
2025-11-07,12:00,1570.016299888449,311.712,170
2025-11-07,13:00,1525.179035159271,311.712,166
2025-11-07,14:00,1531.5857542852857,311.712,166
2025-11-07,15:00,1528.0724429077898,311.712,166
2025-11-07,16:00,1502.3163715858614,311.712,163
2025-11-07,17:00,1475.2753239628692,311.712,160
2025-11-07,18:00,1304.227634777124,311.712,142
2025-11-07,19:00,1018.2435397653977,311.712,111
2025-11-07,20:00,681.0123882082946,311.712,74
2025-11-07,21:00,296.9637707090021,311.712,33
2025-11-07,22:00,137.2879117733771,311.712,17
2025-11-07,23:00,131.06174279543032,311.712,17
2025-11-08,00:00,70.2289376732615,311.712,10
2025-11-08,01:00,81.14373509571817,311.712,11
2025-11-08,02:00,147.4695693041026,311.712,18
2025-11-08,03:00,163.1608178189959,311.712,20
2025-11-08,04:00,421.15812354522785,311.712,46
2025-11-08,05:00,508.4442130391422,311.712,56
2025-11-08,06:00,592.344662235893,311.712,65
2025-11-08,07:00,1104.3793529236068,311.712,120
2025-11-08,08:00,1238.6069109876319,311.712,135
2025-11-08,09:00,1279.3799955459613,311.712,139
2025-11-08,10:00,1251.2338090459739,311.712,136
2025-11-08,11:00,1300.1363147813613,311.712,141
2025-11-08,12:00,1355.7642575179707,311.712,147
2025-11-08,13:00,1341.586281851929,311.712,146
2025-11-08,14:00,1372.8477936403467,311.712,149
2025-11-08,15:00,1412.8033868717657,311.712,153
2025-11-08,16:00,1373.2171871673909,311.712,149
2025-11-08,17:00,1317.827252064224,311.712,143
2025-11-08,18:00,1168.1645950956795,311.712,127
2025-11-08,19:00,838.5307420314424,311.712,91
2025-11-08,20:00,479.5055515347437,311.712,52
2025-11-08,21:00,221.72472922975,311.712,25
2025-11-08,22:00,71.79293239282785,311.712,10
2025-11-08,23:00,139.34405111291102,311.712,17
2025-11-09,00:00,84.36085092626608,311.712,12
2025-11-09,01:00,95.56467206180668,311.712,13
2025-11-09,02:00,132.39919383870438,311.712,17
2025-11-09,03:00,131.55120195003164,311.712,17
2025-11-09,04:00,285.1449912539078,311.712,32
2025-11-09,05:00,500.75730708641385,311.712,55
2025-11-09,06:00,550.801582528971,311.712,60
2025-11-09,07:00,1057.3275940368505,311.712,115
2025-11-09,08:00,1143.868069217329,311.712,124
2025-11-09,09:00,1115.390674558714,311.712,121
2025-11-09,10:00,1024.372334128093,311.712,111
2025-11-09,11:00,1010.9166364521167,311.712,110
2025-11-09,12:00,1011.2473093930719,311.712,110
2025-11-09,13:00,996.4100687195777,311.712,108
2025-11-09,14:00,1011.0328567552716,311.712,110
2025-11-09,15:00,1054.3668443033098,311.712,115
2025-11-09,16:00,1055.7436611009584,311.712,115
2025-11-09,17:00,1008.3591226710666,311.712,110
2025-11-09,18:00,815.8518655367224,311.712,89
2025-11-09,19:00,609.7109056301707,311.712,66
2025-11-09,20:00,388.8413093671364,311.712,43
2025-11-09,21:00,237.93835321293471,311.712,27
2025-11-09,22:00,97.2579257747457,311.712,13
2025-11-09,23:00,115.50317713399757,311.712,15
2025-11-10,00:00,65.38928534390669,311.712,10
2025-11-10,01:00,63.35129482506806,311.712,9
2025-11-10,02:00,115.00950039578508,311.712,15
2025-11-10,03:00,98.88703769372756,311.712,13
2025-11-10,04:00,141.26560423325927,311.712,18
2025-11-10,05:00,326.5380440992937,311.712,36
2025-11-10,06:00,595.2867335519123,311.712,65
2025-11-10,07:00,1095.3779417247226,311.712,119
2025-11-10,08:00,1150.3714959231063,311.712,125
2025-11-10,09:00,1096.2188564084613,311.712,119
2025-11-10,10:00,956.186242015601,311.712,104
2025-11-10,11:00,1016.126904378711,311.712,110
2025-11-10,12:00,1028.364935742518,311.712,112
2025-11-10,13:00,1002.2622286829225,311.712,109
2025-11-10,14:00,1011.1835299345194,311.712,110
2025-11-10,15:00,1030.7554835350413,311.712,112
2025-11-10,16:00,1024.2839988171459,311.712,111
2025-11-10,17:00,934.4284963026241,311.712,102
2025-11-10,18:00,831.106907168879,311.712,90
2025-11-10,19:00,678.545818949406,311.712,74
2025-11-10,20:00,468.51272031272686,311.712,51
2025-11-10,21:00,219.86591695856586,311.712,25
2025-11-10,22:00,96.2703257197542,311.712,13
2025-11-10,23:00,111.04759349837302,311.712,15
2025-11-11,00:00,56.49444092374267,311.712,9
2025-11-11,01:00,58.145331999900314,311.712,9
2025-11-11,02:00,59.13468085554701,311.712,9
2025-11-11,03:00,99.09160371724988,311.712,13
2025-11-11,04:00,136.24857934988836,311.712,17
2025-11-11,05:00,279.49337920299837,311.712,31
2025-11-11,06:00,576.8047377419796,311.712,63
2025-11-11,07:00,1069.9193571745539,311.712,116
2025-11-11,08:00,1143.6080967900766,311.712,124
2025-11-11,09:00,1085.277898177984,311.712,118
2025-11-11,10:00,945.7280132081364,311.712,103
2025-11-11,11:00,1003.4638996775185,311.712,109
2025-11-11,12:00,1027.0671286905338,311.712,112
2025-11-11,13:00,1003.6917216751739,311.712,109
2025-11-11,14:00,1007.940408119234,311.712,110
2025-11-11,15:00,1037.6295618299423,311.712,113
2025-11-11,16:00,991.3460166410116,311.712,108
2025-11-11,17:00,961.5098297572928,311.712,105
2025-11-11,18:00,840.3993640388242,311.712,91
2025-11-11,19:00,681.1329872483273,311.712,74
2025-11-11,20:00,462.93143177434155,311.712,51
2025-11-11,21:00,210.60287090877893,311.712,24
2025-11-11,22:00,107.0332361642722,311.712,14
2025-11-11,23:00,114.49130501607328,311.712,15
2025-11-12,00:00,49.57351572331524,311.712,8
2025-11-12,01:00,49.86110247021463,311.712,8
2025-11-12,02:00,58.909615573841045,311.712,9
2025-11-12,03:00,101.23262141755926,311.712,13
2025-11-12,04:00,160.533787506024,311.712,19
2025-11-12,05:00,446.23775876780905,311.712,49
2025-11-12,06:00,578.6978135542157,311.712,63
2025-11-12,07:00,1074.5108712072056,311.712,117
2025-11-12,08:00,1249.706145348293,311.712,136
2025-11-12,09:00,1309.6736935341992,311.712,142
2025-11-12,10:00,1205.2152956483392,311.712,131
2025-11-12,11:00,1251.7612495017293,311.712,136
2025-11-12,12:00,1328.726542306358,311.712,144
2025-11-12,13:00,1333.475535588409,311.712,145
2025-11-12,14:00,1306.590769864262,311.712,142
2025-11-12,15:00,1331.2039130319172,311.712,145
2025-11-12,16:00,1235.584494391611,311.712,134
2025-11-12,17:00,1103.8813884870744,311.712,120
2025-11-12,18:00,908.8056096790308,311.712,99
2025-11-12,19:00,814.2579994404584,311.712,89
2025-11-12,20:00,481.3628313198334,311.712,53
2025-11-12,21:00,261.0259974197371,311.712,29
2025-11-12,22:00,96.96721092464254,311.712,13
2025-11-12,23:00,70.16511597902537,311.712,10
2025-11-13,00:00,59.38306299769828,311.712,9
2025-11-13,01:00,70.77723593143708,311.712,10
2025-11-13,02:00,102.10409216372065,311.712,14
2025-11-13,03:00,153.31153780778578,311.712,19
2025-11-13,04:00,381.3833290961534,311.712,42
2025-11-13,05:00,404.519258785058,311.712,44
2025-11-13,06:00,557.6791019628168,311.712,61
2025-11-13,07:00,1078.88607892464,311.712,117
2025-11-13,08:00,1307.0720613029032,311.712,142
2025-11-13,09:00,1400.780341685493,311.712,152
2025-11-13,10:00,1415.4018995500958,311.712,154
2025-11-13,11:00,1505.1846965776417,311.712,163
2025-11-13,12:00,1526.3899816054302,311.712,166
2025-11-13,13:00,1486.110250177765,311.712,161
2025-11-13,14:00,1486.4905892454103,311.712,161
2025-11-13,15:00,1454.542370532278,311.712,158
2025-11-13,16:00,1408.70974417273,311.712,153
2025-11-13,17:00,1367.8941411009496,311.712,149
2025-11-13,18:00,1196.3443226895913,311.712,130
2025-11-13,19:00,992.302354626164,311.712,108
2025-11-13,20:00,640.5692406413513,311.712,70
2025-11-13,21:00,262.80737989100083,311.712,29
2025-11-13,22:00,113.18528691150085,311.712,15
2025-11-13,23:00,127.4024175749923,311.712,16
2025-11-14,00:00,59.843274877993096,311.712,9
2025-11-14,01:00,77.550963112026,311.712,11
2025-11-14,02:00,146.15478980296209,311.712,18
2025-11-14,03:00,163.92239184501855,311.712,20
2025-11-14,04:00,437.7800462933463,311.712,48
2025-11-14,05:00,470.42824176904656,311.712,51
2025-11-14,06:00,555.8407724805155,311.712,61
2025-11-14,07:00,1068.4203408000135,311.712,116
2025-11-14,08:00,1319.5810334988341,311.712,143
2025-11-14,09:00,1389.3775599827413,311.712,151
2025-11-14,10:00,1403.5455438261704,311.712,152
2025-11-14,11:00,1541.0790947290825,311.712,167
2025-11-14,12:00,1570.016299888449,311.712,170
2025-11-14,13:00,1525.179035159271,311.712,166
2025-11-14,14:00,1531.5857542852857,311.712,166
2025-11-14,15:00,1528.0724429077898,311.712,166
2025-11-14,16:00,1502.3163715858614,311.712,163
2025-11-14,17:00,1475.2753239628692,311.712,160
2025-11-14,18:00,1304.227634777124,311.712,142
2025-11-14,19:00,1018.2435397653977,311.712,111
2025-11-14,20:00,681.0123882082946,311.712,74
2025-11-14,21:00,296.9637707090021,311.712,33
2025-11-14,22:00,138.09238857420777,311.712,17
2025-11-14,23:00,131.06174279543032,311.712,17
2025-11-15,00:00,70.2289376732615,311.712,10
2025-11-15,01:00,81.14373509571817,311.712,11
2025-11-15,02:00,147.4695693041026,311.712,18
2025-11-15,03:00,163.1608178189959,311.712,20
2025-11-15,04:00,421.15812354522785,311.712,46
2025-11-15,05:00,508.4442130391422,311.712,56
2025-11-15,06:00,592.344662235893,311.712,65
2025-11-15,07:00,1104.3793529236068,311.712,120
2025-11-15,08:00,1238.6069109876319,311.712,135
2025-11-15,09:00,1279.3799955459613,311.712,139
2025-11-15,10:00,1251.2338090459739,311.712,136
2025-11-15,11:00,1300.1363147813613,311.712,141
2025-11-15,12:00,1355.7642575179707,311.712,147
2025-11-15,13:00,1341.586281851929,311.712,146
2025-11-15,14:00,1372.8477936403467,311.712,149
2025-11-15,15:00,1412.8033868717657,311.712,153
2025-11-15,16:00,1373.2171871673909,311.712,149
2025-11-15,17:00,1317.827252064224,311.712,143
2025-11-15,18:00,1168.1645950956795,311.712,127
2025-11-15,19:00,838.5307420314424,311.712,91
2025-11-15,20:00,479.5055515347437,311.712,52
2025-11-15,21:00,221.72472922975,311.712,25
2025-11-15,22:00,72.59740919365854,311.712,10
2025-11-15,23:00,139.34405111291102,311.712,17
2025-11-16,00:00,84.36085092626608,311.712,12
2025-11-16,01:00,95.56467206180668,311.712,13
2025-11-16,02:00,132.39919383870438,311.712,17
2025-11-16,03:00,131.55120195003164,311.712,17
2025-11-16,04:00,285.1449912539078,311.712,32
2025-11-16,05:00,500.75730708641385,311.712,55
2025-11-16,06:00,550.801582528971,311.712,60
2025-11-16,07:00,1057.3275940368505,311.712,115
2025-11-16,08:00,1143.868069217329,311.712,124
2025-11-16,09:00,1115.390674558714,311.712,121
2025-11-16,10:00,1024.372334128093,311.712,111
2025-11-16,11:00,1010.9166364521167,311.712,110
2025-11-16,12:00,1011.2473093930719,311.712,110
2025-11-16,13:00,996.4100687195777,311.712,108
2025-11-16,14:00,1011.0328567552716,311.712,110
2025-11-16,15:00,1054.3668443033098,311.712,115
2025-11-16,16:00,1055.7436611009584,311.712,115
2025-11-16,17:00,1008.3591226710666,311.712,110
2025-11-16,18:00,815.8518655367224,311.712,89
2025-11-16,19:00,609.7109056301707,311.712,66
2025-11-16,20:00,388.0800005201931,311.712,43
2025-11-16,21:00,237.93835321293471,311.712,27
2025-11-16,22:00,98.06240257557639,311.712,13
2025-11-16,23:00,114.22306005620273,311.712,15
2025-11-17,00:00,65.30967147386508,311.712,10
2025-11-17,01:00,63.271680955026454,311.712,9
2025-11-17,02:00,115.00950039578508,311.712,15
2025-11-17,03:00,98.88703769372756,311.712,13
2025-11-17,04:00,141.26560423325927,311.712,18
2025-11-17,05:00,326.5380440992937,311.712,36
2025-11-17,06:00,595.2867335519123,311.712,65
2025-11-17,07:00,1094.8128090333057,311.712,119
2025-11-17,08:00,1150.3714959231063,311.712,125
2025-11-17,09:00,1096.2188564084613,311.712,119
2025-11-17,10:00,956.186242015601,311.712,104
2025-11-17,11:00,1016.126904378711,311.712,110
2025-11-17,12:00,1028.364935742518,311.712,112
2025-11-17,13:00,1002.2622286829225,311.712,109
2025-11-17,14:00,1011.1835299345194,311.712,110
2025-11-17,15:00,1030.7554835350413,311.712,112
2025-11-17,16:00,1024.2839988171459,311.712,111
2025-11-17,17:00,934.4284963026241,311.712,102
2025-11-17,18:00,831.106907168879,311.712,90
2025-11-17,19:00,678.545818949406,311.712,74
2025-11-17,20:00,468.51272031272686,311.712,51
2025-11-17,21:00,219.86591695856586,311.712,25
2025-11-17,22:00,96.2703257197542,311.712,13
2025-11-17,23:00,111.04759349837302,311.712,15
2025-11-18,00:00,56.41482705370107,311.712,9
2025-11-18,01:00,58.06571812985871,311.712,9
2025-11-18,02:00,59.13468085554701,311.712,9
2025-11-18,03:00,99.09160371724988,311.712,13
2025-11-18,04:00,136.24857934988836,311.712,17
2025-11-18,05:00,279.49337920299837,311.712,31
2025-11-18,06:00,576.2396050505628,311.712,63
2025-11-18,07:00,1069.3542244831372,311.712,116
2025-11-18,08:00,1143.6080967900766,311.712,124
2025-11-18,09:00,1085.277898177984,311.712,118
2025-11-18,10:00,945.7280132081364,311.712,103
2025-11-18,11:00,1003.4638996775185,311.712,109
2025-11-18,12:00,1027.0671286905338,311.712,112
2025-11-18,13:00,1003.6917216751739,311.712,109
2025-11-18,14:00,1007.940408119234,311.712,110
2025-11-18,15:00,1037.6295618299423,311.712,113
2025-11-18,16:00,991.3460166410116,311.712,108
2025-11-18,17:00,961.5098297572928,311.712,105
2025-11-18,18:00,840.3993640388242,311.712,91
2025-11-18,19:00,681.1329872483273,311.712,74
2025-11-18,20:00,462.93143177434155,311.712,51
2025-11-18,21:00,210.60287090877893,311.712,24
2025-11-18,22:00,107.0332361642722,311.712,14
2025-11-18,23:00,114.49130501607328,311.712,15
2025-11-19,00:00,49.493901853273634,311.712,8
2025-11-19,01:00,49.78148860017303,311.712,8
2025-11-19,02:00,58.909615573841045,311.712,9
2025-11-19,03:00,101.23262141755926,311.712,13
2025-11-19,04:00,160.533787506024,311.712,19
2025-11-19,05:00,446.23775876780905,311.712,49
2025-11-19,06:00,578.6978135542157,311.712,63
2025-11-19,07:00,1073.945738515789,311.712,117
2025-11-19,08:00,1249.706145348293,311.712,136
2025-11-19,09:00,1309.6736935341992,311.712,142
2025-11-19,10:00,1205.2152956483392,311.712,131
2025-11-19,11:00,1251.7612495017293,311.712,136
2025-11-19,12:00,1328.726542306358,311.712,144
2025-11-19,13:00,1333.475535588409,311.712,145
2025-11-19,14:00,1306.590769864262,311.712,142
2025-11-19,15:00,1331.2039130319172,311.712,145
2025-11-19,16:00,1235.584494391611,311.712,134
2025-11-19,17:00,1103.8813884870744,311.712,120
2025-11-19,18:00,908.8056096790308,311.712,99
2025-11-19,19:00,814.2579994404584,311.712,89
2025-11-19,20:00,481.3628313198334,311.712,53
2025-11-19,21:00,261.0259974197371,311.712,29
2025-11-19,22:00,96.96721092464254,311.712,13
2025-11-19,23:00,70.16511597902537,311.712,10
2025-11-20,00:00,59.38306299769828,311.712,9
2025-11-20,01:00,70.77723593143708,311.712,10
2025-11-20,02:00,102.10409216372065,311.712,14
2025-11-20,03:00,153.31153780778578,311.712,19
2025-11-20,04:00,381.3833290961534,311.712,42
2025-11-20,05:00,404.519258785058,311.712,44
2025-11-20,06:00,557.6791019628168,311.712,61
2025-11-20,07:00,1078.88607892464,311.712,117
2025-11-20,08:00,1307.0720613029032,311.712,142
2025-11-20,09:00,1400.780341685493,311.712,152
2025-11-20,10:00,1415.4018995500958,311.712,154
2025-11-20,11:00,1505.1846965776417,311.712,163
2025-11-20,12:00,1526.3899816054302,311.712,166
2025-11-20,13:00,1486.110250177765,311.712,161
2025-11-20,14:00,1486.4905892454103,311.712,161
2025-11-20,15:00,1454.542370532278,311.712,158
2025-11-20,16:00,1408.70974417273,311.712,153
2025-11-20,17:00,1367.8941411009496,311.712,149
2025-11-20,18:00,1196.3443226895913,311.712,130
2025-11-20,19:00,992.302354626164,311.712,108
2025-11-20,20:00,640.5692406413513,311.712,70
2025-11-20,21:00,262.80737989100083,311.712,29
2025-11-20,22:00,113.18528691150085,311.712,15
2025-11-20,23:00,127.4024175749923,311.712,16
2025-11-21,00:00,59.843274877993096,311.712,9
2025-11-21,01:00,77.550963112026,311.712,11
2025-11-21,02:00,146.15478980296209,311.712,18
2025-11-21,03:00,163.92239184501855,311.712,20
2025-11-21,04:00,437.7800462933463,311.712,48
2025-11-21,05:00,470.42824176904656,311.712,51
2025-11-21,06:00,555.8407724805155,311.712,61
2025-11-21,07:00,1068.4203408000135,311.712,116
2025-11-21,08:00,1319.5810334988341,311.712,143
2025-11-21,09:00,1389.3775599827413,311.712,151
2025-11-21,10:00,1403.5455438261704,311.712,152
2025-11-21,11:00,1541.0790947290825,311.712,167
2025-11-21,12:00,1570.016299888449,311.712,170
2025-11-21,13:00,1525.179035159271,311.712,166
2025-11-21,14:00,1531.5857542852857,311.712,166
2025-11-21,15:00,1528.0724429077898,311.712,166
2025-11-21,16:00,1502.3163715858614,311.712,163
2025-11-21,17:00,1475.2753239628692,311.712,160
2025-11-21,18:00,1304.227634777124,311.712,142
2025-11-21,19:00,1018.2435397653977,311.712,111
2025-11-21,20:00,681.0123882082946,311.712,74
2025-11-21,21:00,296.9637707090021,311.712,33
2025-11-21,22:00,138.09238857420777,311.712,17
2025-11-21,23:00,131.06174279543032,311.712,17
2025-11-22,00:00,70.2289376732615,311.712,10
2025-11-22,01:00,81.14373509571817,311.712,11
2025-11-22,02:00,147.4695693041026,311.712,18
2025-11-22,03:00,163.1608178189959,311.712,20
2025-11-22,04:00,421.15812354522785,311.712,46
2025-11-22,05:00,508.4442130391422,311.712,56
2025-11-22,06:00,592.344662235893,311.712,65
2025-11-22,07:00,1104.3793529236068,311.712,120
2025-11-22,08:00,1238.6069109876319,311.712,135
2025-11-22,09:00,1279.3799955459613,311.712,139
2025-11-22,10:00,1251.2338090459739,311.712,136
2025-11-22,11:00,1300.1363147813613,311.712,141
2025-11-22,12:00,1355.7642575179707,311.712,147
2025-11-22,13:00,1341.586281851929,311.712,146
2025-11-22,14:00,1372.8477936403467,311.712,149
2025-11-22,15:00,1412.8033868717657,311.712,153
2025-11-22,16:00,1373.2171871673909,311.712,149
2025-11-22,17:00,1317.827252064224,311.712,143
2025-11-22,18:00,1168.1645950956795,311.712,127
2025-11-22,19:00,838.5307420314424,311.712,91
2025-11-22,20:00,479.5055515347437,311.712,52
2025-11-22,21:00,221.72472922975,311.712,25
2025-11-22,22:00,72.59740919365854,311.712,10
2025-11-22,23:00,139.34405111291102,311.712,17
2025-11-23,00:00,84.36085092626608,311.712,12
2025-11-23,01:00,95.56467206180668,311.712,13
2025-11-23,02:00,132.39919383870438,311.712,17
2025-11-23,03:00,131.55120195003164,311.712,17
2025-11-23,04:00,285.1449912539078,311.712,32
2025-11-23,05:00,500.75730708641385,311.712,55
2025-11-23,06:00,550.801582528971,311.712,60
2025-11-23,07:00,1057.3275940368505,311.712,115
2025-11-23,08:00,1143.868069217329,311.712,124
2025-11-23,09:00,1115.390674558714,311.712,121
2025-11-23,10:00,1024.372334128093,311.712,111
2025-11-23,11:00,1010.9166364521167,311.712,110
2025-11-23,12:00,1011.2473093930719,311.712,110
2025-11-23,13:00,996.4100687195777,311.712,108
2025-11-23,14:00,1011.0328567552716,311.712,110
2025-11-23,15:00,1054.3668443033098,311.712,115
2025-11-23,16:00,1055.7436611009584,311.712,115
2025-11-23,17:00,1008.3591226710666,311.712,110
2025-11-23,18:00,815.8518655367224,311.712,89
2025-11-23,19:00,609.7109056301707,311.712,66
2025-11-23,20:00,388.0800005201931,311.712,43
2025-11-23,21:00,237.93835321293471,311.712,27
2025-11-23,22:00,98.06240257557639,311.712,13
2025-11-23,23:00,114.22306005620273,311.712,15
2025-11-24,00:00,65.30967147386508,311.712,10
2025-11-24,01:00,63.271680955026454,311.712,9
2025-11-24,02:00,114.73457865355154,311.712,15
2025-11-24,03:00,98.88703769372756,311.712,13
2025-11-24,04:00,141.26560423325927,311.712,18
2025-11-24,05:00,326.5380440992937,311.712,36
2025-11-24,06:00,595.2867335519123,311.712,65
2025-11-24,07:00,1094.8128090333057,311.712,119
2025-11-24,08:00,1150.3714959231063,311.712,125
2025-11-24,09:00,1096.2188564084613,311.712,119
2025-11-24,10:00,956.186242015601,311.712,104
2025-11-24,11:00,1016.126904378711,311.712,110
2025-11-24,12:00,1028.364935742518,311.712,112
2025-11-24,13:00,1002.2622286829225,311.712,109
2025-11-24,14:00,1011.1835299345194,311.712,110
2025-11-24,15:00,1030.7554835350413,311.712,112
2025-11-24,16:00,1024.2839988171459,311.712,111
2025-11-24,17:00,934.4284963026241,311.712,102
2025-11-24,18:00,831.106907168879,311.712,90
2025-11-24,19:00,678.545818949406,311.712,74
2025-11-24,20:00,468.51272031272686,311.712,51
2025-11-24,21:00,219.86591695856586,311.712,25
2025-11-24,22:00,96.2703257197542,311.712,13
2025-11-24,23:00,111.04759349837302,311.712,15
2025-11-25,00:00,56.41482705370107,311.712,9
2025-11-25,01:00,58.06571812985871,311.712,9
2025-11-25,02:00,58.85975911331347,311.712,9
2025-11-25,03:00,99.09160371724988,311.712,13
2025-11-25,04:00,136.24857934988836,311.712,17
2025-11-25,05:00,279.49337920299837,311.712,31
2025-11-25,06:00,576.2396050505628,311.712,63
2025-11-25,07:00,1069.3542244831372,311.712,116
2025-11-25,08:00,1143.6080967900766,311.712,124
2025-11-25,09:00,1085.277898177984,311.712,118
2025-11-25,10:00,945.7280132081364,311.712,103
2025-11-25,11:00,1003.4638996775185,311.712,109
2025-11-25,12:00,1027.0671286905338,311.712,112
2025-11-25,13:00,1003.6917216751739,311.712,109
2025-11-25,14:00,1007.940408119234,311.712,110
2025-11-25,15:00,1037.6295618299423,311.712,113
2025-11-25,16:00,991.3460166410116,311.712,108
2025-11-25,17:00,961.5098297572928,311.712,105
2025-11-25,18:00,840.3993640388242,311.712,91
2025-11-25,19:00,681.1329872483273,311.712,74
2025-11-25,20:00,462.93143177434155,311.712,51
2025-11-25,21:00,210.60287090877893,311.712,24
2025-11-25,22:00,107.0332361642722,311.712,14
2025-11-25,23:00,114.49130501607328,311.712,15
2025-11-26,00:00,49.493901853273634,311.712,8
2025-11-26,01:00,49.78148860017303,311.712,8
2025-11-26,02:00,58.63469383160751,311.712,9
2025-11-26,03:00,101.23262141755926,311.712,13
2025-11-26,04:00,160.533787506024,311.712,19
2025-11-26,05:00,446.23775876780905,311.712,49
2025-11-26,06:00,578.6978135542157,311.712,63
2025-11-26,07:00,1073.945738515789,311.712,117
2025-11-26,08:00,1249.706145348293,311.712,136
2025-11-26,09:00,1309.6736935341992,311.712,142
2025-11-26,10:00,1205.2152956483392,311.712,131
2025-11-26,11:00,1251.7612495017293,311.712,136
2025-11-26,12:00,1328.726542306358,311.712,144
2025-11-26,13:00,1333.475535588409,311.712,145
2025-11-26,14:00,1306.590769864262,311.712,142
2025-11-26,15:00,1331.2039130319172,311.712,145
2025-11-26,16:00,1235.584494391611,311.712,134
2025-11-26,17:00,1103.8813884870744,311.712,120
2025-11-26,18:00,908.8056096790308,311.712,99
2025-11-26,19:00,814.2579994404584,311.712,89
2025-11-26,20:00,481.3628313198334,311.712,53
2025-11-26,21:00,261.0259974197371,311.712,29
2025-11-26,22:00,96.96721092464254,311.712,13
2025-11-26,23:00,70.16511597902537,311.712,10
2025-11-27,00:00,59.38306299769828,311.712,9
2025-11-27,01:00,70.77723593143708,311.712,10
2025-11-27,02:00,101.82917042148712,311.712,14
2025-11-27,03:00,153.31153780778578,311.712,19
2025-11-27,04:00,381.3833290961534,311.712,42
2025-11-27,05:00,404.519258785058,311.712,44
2025-11-27,06:00,557.6791019628168,311.712,61
2025-11-27,07:00,1078.88607892464,311.712,117
2025-11-27,08:00,1307.0720613029032,311.712,142
2025-11-27,09:00,1400.780341685493,311.712,152
2025-11-27,10:00,1415.4018995500958,311.712,154
2025-11-27,11:00,1505.1846965776417,311.712,163
2025-11-27,12:00,1526.3899816054302,311.712,166
2025-11-27,13:00,1486.110250177765,311.712,161
2025-11-27,14:00,1486.4905892454103,311.712,161
2025-11-27,15:00,1454.542370532278,311.712,158
2025-11-27,16:00,1408.70974417273,311.712,153
2025-11-27,17:00,1367.8941411009496,311.712,149
2025-11-27,18:00,1196.3443226895913,311.712,130
2025-11-27,19:00,992.302354626164,311.712,108
2025-11-27,20:00,640.5692406413513,311.712,70
2025-11-27,21:00,262.80737989100083,311.712,29
2025-11-27,22:00,113.18528691150085,311.712,15
2025-11-27,23:00,127.4024175749923,311.712,16
2025-11-28,00:00,59.843274877993096,311.712,9
2025-11-28,01:00,77.550963112026,311.712,11
2025-11-28,02:00,145.87986806072854,311.712,18
2025-11-28,03:00,163.92239184501855,311.712,20
2025-11-28,04:00,437.7800462933463,311.712,48
2025-11-28,05:00,470.42824176904656,311.712,51
2025-11-28,06:00,555.8407724805155,311.712,61
2025-11-28,07:00,1068.4203408000135,311.712,116
2025-11-28,08:00,1319.5810334988341,311.712,143
2025-11-28,09:00,1389.3775599827413,311.712,151
2025-11-28,10:00,1403.5455438261704,311.712,152
2025-11-28,11:00,1541.0790947290825,311.712,167
2025-11-28,12:00,1570.016299888449,311.712,170
2025-11-28,13:00,1525.179035159271,311.712,166
2025-11-28,14:00,1531.5857542852857,311.712,166
2025-11-28,15:00,1528.0724429077898,311.712,166
2025-11-28,16:00,1502.3163715858614,311.712,163
2025-11-28,17:00,1475.2753239628692,311.712,160
2025-11-28,18:00,1304.227634777124,311.712,142
2025-11-28,19:00,1018.2435397653977,311.712,111
2025-11-28,20:00,681.0123882082946,311.712,74
2025-11-28,21:00,296.9637707090021,311.712,33
2025-11-28,22:00,138.09238857420777,311.712,17
2025-11-28,23:00,131.06174279543032,311.712,17
2025-11-29,00:00,70.2289376732615,311.712,10
2025-11-29,01:00,81.14373509571817,311.712,11
2025-11-29,02:00,147.1946475618691,311.712,18
2025-11-29,03:00,163.1608178189959,311.712,20
2025-11-29,04:00,421.15812354522785,311.712,46
2025-11-29,05:00,508.4442130391422,311.712,56
2025-11-29,06:00,592.344662235893,311.712,65
2025-11-29,07:00,1104.3793529236068,311.712,120
2025-11-29,08:00,1238.6069109876319,311.712,135
2025-11-29,09:00,1279.3799955459613,311.712,139
2025-11-29,10:00,1251.2338090459739,311.712,136
2025-11-29,11:00,1300.1363147813613,311.712,141
2025-11-29,12:00,1355.7642575179707,311.712,147
2025-11-29,13:00,1341.586281851929,311.712,146
2025-11-29,14:00,1372.8477936403467,311.712,149
2025-11-29,15:00,1412.8033868717657,311.712,153
2025-11-29,16:00,1373.2171871673909,311.712,149
2025-11-29,17:00,1317.827252064224,311.712,143
2025-11-29,18:00,1168.1645950956795,311.712,127
2025-11-29,19:00,838.5307420314424,311.712,91
2025-11-29,20:00,479.5055515347437,311.712,52
2025-11-29,21:00,221.72472922975,311.712,25
2025-11-29,22:00,72.59740919365854,311.712,10
2025-11-29,23:00,139.34405111291102,311.712,17
2025-11-30,00:00,84.36085092626608,311.712,12
2025-11-30,01:00,95.56467206180668,311.712,13
2025-11-30,02:00,132.12427209647086,311.712,17
2025-11-30,03:00,131.55120195003164,311.712,17
2025-11-30,04:00,285.1449912539078,311.712,32
2025-11-30,05:00,500.75730708641385,311.712,55
2025-11-30,06:00,550.801582528971,311.712,60
2025-11-30,07:00,1057.3275940368505,311.712,115
2025-11-30,08:00,1143.868069217329,311.712,124
2025-11-30,09:00,1115.390674558714,311.712,121
2025-11-30,10:00,1024.372334128093,311.712,111
2025-11-30,11:00,1010.9166364521167,311.712,110
2025-11-30,12:00,1011.2473093930719,311.712,110
2025-11-30,13:00,996.4100687195777,311.712,108
2025-11-30,14:00,1011.0328567552716,311.712,110
2025-11-30,15:00,1054.3668443033098,311.712,115
2025-11-30,16:00,1055.7436611009584,311.712,115
2025-11-30,17:00,1008.3591226710666,311.712,110
2025-11-30,18:00,815.8518655367224,311.712,89
2025-11-30,19:00,609.7109056301707,311.712,66
2025-11-30,20:00,388.0800005201931,311.712,43
2025-11-30,21:00,237.93835321293471,311.712,27
2025-11-30,22:00,98.06240257557639,311.712,13
2025-11-30,23:00,114.22306005620273,311.712,15
2025-12-01,00:00,66.86219395816113,311.712,10
2025-12-01,01:00,63.271680955026454,311.712,9
2025-12-01,02:00,114.601902598438,311.712,15
2025-12-01,03:00,99.59965402545572,311.712,13
2025-12-01,04:00,160.83284336641717,311.712,20
2025-12-01,05:00,461.3291990316094,311.712,50
2025-12-01,06:00,591.6380348339528,311.712,65
2025-12-01,07:00,1099.972238067873,311.712,120
2025-12-01,08:00,1149.7037556947782,311.712,125
2025-12-01,09:00,1096.2188564084613,311.712,119
2025-12-01,10:00,955.0734834351055,311.712,104
2025-12-01,11:00,1016.126904378711,311.712,110
2025-12-01,12:00,1028.9877039213586,311.712,112
2025-12-01,13:00,1002.2622286829225,311.712,109
2025-12-01,14:00,1014.3497923316222,311.712,110
2025-12-01,15:00,1035.0407242264596,311.712,113
2025-12-01,16:00,1024.2839988171459,311.712,111
2025-12-01,17:00,936.4334606104127,311.712,102
2025-12-01,18:00,831.106907168879,311.712,90
2025-12-01,19:00,673.1336841609321,311.712,73
2025-12-01,20:00,459.1247264343151,311.712,50
2025-12-01,21:00,192.05786695617198,311.712,23
2025-12-01,22:00,89.82364314768806,311.712,12
2025-12-01,23:00,112.73802415496338,311.712,15
2025-12-02,00:00,55.08260726866784,311.712,9
2025-12-02,01:00,55.31139849299175,311.712,9
2025-12-02,02:00,56.9876715562898,311.712,9
2025-12-02,03:00,90.51419737393789,311.712,12
2025-12-02,04:00,141.210707031381,311.712,18
2025-12-02,05:00,301.8896723555003,311.712,33
2025-12-02,06:00,583.2072342352005,311.712,64
2025-12-02,07:00,1053.7396113136654,311.712,115
2025-12-02,08:00,1143.6080967900766,311.712,124
2025-12-02,09:00,1080.0274490165855,311.712,117
2025-12-02,10:00,945.7280132081364,311.712,103
2025-12-02,11:00,1004.1435957678736,311.712,109
2025-12-02,12:00,1027.0671286905338,311.712,112
2025-12-02,13:00,1003.6917216751739,311.712,109
2025-12-02,14:00,1012.6130229267708,311.712,110
2025-12-02,15:00,1026.2357803577268,311.712,112
2025-12-02,16:00,1001.0954108191504,311.712,109
2025-12-02,17:00,949.0834436070195,311.712,103
2025-12-02,18:00,858.7894357200872,311.712,93
2025-12-02,19:00,679.955410042645,311.712,74
2025-12-02,20:00,446.5345727981135,311.712,49
2025-12-02,21:00,238.68395416879395,311.712,27
2025-12-02,22:00,109.7002504383092,311.712,14
2025-12-02,23:00,115.49566966426134,311.712,15
2025-12-03,00:00,51.16005078834103,311.712,8
2025-12-03,01:00,49.600978446671434,311.712,8
2025-12-03,02:00,55.436302077163255,311.712,9
2025-12-03,03:00,98.69449110765633,311.712,13
2025-12-03,04:00,134.95311899420489,311.712,17
2025-12-03,05:00,280.2477860370489,311.712,31
2025-12-03,06:00,581.7424026756371,311.712,63
2025-12-03,07:00,1064.8853064745235,311.712,116
2025-12-03,08:00,1249.3196965984882,311.712,136
2025-12-03,09:00,1309.1139866151973,311.712,142
2025-12-03,10:00,1208.2589362563474,311.712,131
2025-12-03,11:00,1261.2220232615532,311.712,137
2025-12-03,12:00,1328.1037741275172,311.712,144
2025-12-03,13:00,1333.475535588409,311.712,145
2025-12-03,14:00,1306.590769864262,311.712,142
2025-12-03,15:00,1334.5624662928517,311.712,145
2025-12-03,16:00,1239.6241886349965,311.712,135
2025-12-03,17:00,1097.9805833937342,311.712,119
2025-12-03,18:00,908.7510023357019,311.712,99
2025-12-03,19:00,814.2579994404584,311.712,89
2025-12-03,20:00,481.3628313198334,311.712,53
2025-12-03,21:00,254.59278602621,311.712,29
2025-12-03,22:00,95.75971173007441,311.712,13
2025-12-03,23:00,69.85571787088283,311.712,10
2025-12-04,00:00,45.48487915272564,311.712,8
2025-12-04,01:00,69.39509175190018,311.712,10
2025-12-04,02:00,99.21243572018588,311.712,13
2025-12-04,03:00,147.38853310300277,311.712,18
2025-12-04,04:00,274.1809497626148,311.712,31
2025-12-04,05:00,403.23457463808165,311.712,44
2025-12-04,06:00,554.8830894883695,311.712,61
2025-12-04,07:00,1078.88607892464,311.712,117
2025-12-04,08:00,1307.7180803207502,311.712,142
2025-12-04,09:00,1398.6498181999777,311.712,152
2025-12-04,10:00,1381.6386613009095,311.712,150
2025-12-04,11:00,1504.561928398801,311.712,163
2025-12-04,12:00,1526.3899816054302,311.712,166
2025-12-04,13:00,1483.5602119936248,311.712,161
2025-12-04,14:00,1486.4905892454103,311.712,161
2025-12-04,15:00,1454.542370532278,311.712,158
2025-12-04,16:00,1406.9576770792603,311.712,153
2025-12-04,17:00,1367.8941411009496,311.712,149
2025-12-04,18:00,1191.9602382729208,311.712,130
2025-12-04,19:00,992.302354626164,311.712,108
2025-12-04,20:00,639.2311737512291,311.712,70
2025-12-04,21:00,262.80737989100083,311.712,29
2025-12-04,22:00,105.22466992875168,311.712,14
2025-12-04,23:00,129.2347453198927,311.712,16
2025-12-05,00:00,58.86857477583351,311.712,9
2025-12-05,01:00,77.550963112026,311.712,11
2025-12-05,02:00,142.33377391055538,311.712,18
2025-12-05,03:00,139.25473791848154,311.712,17
2025-12-05,04:00,270.28419356217523,311.712,30
2025-12-05,05:00,478.91049955511244,311.712,52
2025-12-05,06:00,552.3991803236647,311.712,60
2025-12-05,07:00,1068.4203408000135,311.712,116
2025-12-05,08:00,1319.5810334988341,311.712,143
2025-12-05,09:00,1389.3775599827413,311.712,151
2025-12-05,10:00,1390.472994656156,311.712,151
2025-12-05,11:00,1539.8128762009317,311.712,167
2025-12-05,12:00,1570.016299888449,311.712,170
2025-12-05,13:00,1525.179035159271,311.712,166
2025-12-05,14:00,1527.6627025984872,311.712,166
2025-12-05,15:00,1528.0724429077898,311.712,166
2025-12-05,16:00,1502.3163715858614,311.712,163
2025-12-05,17:00,1475.2753239628692,311.712,160
2025-12-05,18:00,1304.227634777124,311.712,142
2025-12-05,19:00,1018.2435397653977,311.712,111
2025-12-05,20:00,660.6711415382329,311.712,72
2025-12-05,21:00,290.0931467012748,311.712,32
2025-12-05,22:00,133.2429127649717,311.712,17
2025-12-05,23:00,129.8441540262612,311.712,16
2025-12-06,00:00,71.78146015755752,311.712,10
2025-12-06,01:00,81.14373509571817,311.712,11
2025-12-06,02:00,143.64855341169587,311.712,18
2025-12-06,03:00,137.971522930602,311.712,17
2025-12-06,04:00,256.15858091225925,311.712,29
2025-12-06,05:00,501.35178431614514,311.712,55
2025-12-06,06:00,587.8479210769706,311.712,64
2025-12-06,07:00,1086.9292612155214,311.712,118
2025-12-06,08:00,1238.6069109876319,311.712,135
2025-12-06,09:00,1279.3799955459613,311.712,139
2025-12-06,10:00,1238.7499131792672,311.712,135
2025-12-06,11:00,1298.8700962532105,311.712,141
2025-12-06,12:00,1355.7642575179707,311.712,147
2025-12-06,13:00,1298.2338173985174,311.712,141
2025-12-06,14:00,1372.8477936403467,311.712,149
2025-12-06,15:00,1412.8033868717657,311.712,153
2025-12-06,16:00,1371.0866636818755,311.712,149
2025-12-06,17:00,1277.651707740318,311.712,139
2025-12-06,18:00,1128.384171368652,311.712,123
2025-12-06,19:00,797.2982201721509,311.712,87
2025-12-06,20:00,478.75411472699045,311.712,52
2025-12-06,21:00,252.20466064927527,311.712,28
2025-12-06,22:00,100.98578401783857,311.712,13
2025-12-06,23:00,128.23309525739498,311.712,16
2025-12-07,00:00,86.4235641232958,311.712,12
2025-12-07,01:00,96.99411406644127,311.712,13
2025-12-07,02:00,117.80972211994013,311.712,15
2025-12-07,03:00,145.06639718980776,311.712,18
2025-12-07,04:00,326.53803173817084,311.712,36
2025-12-07,05:00,500.8029950415106,311.712,55
2025-12-07,06:00,552.6528009196495,311.712,60
2025-12-07,07:00,1058.6452240591102,311.712,115
2025-12-07,08:00,1144.581920833144,311.712,124
2025-12-07,09:00,1122.0814063725834,311.712,122
2025-12-07,10:00,1026.6423686774144,311.712,112
2025-12-07,11:00,1020.8903730027289,311.712,111
2025-12-07,12:00,1011.2473093930719,311.712,110
2025-12-07,13:00,996.4100687195777,311.712,108
2025-12-07,14:00,1008.4145133802473,311.712,110
2025-12-07,15:00,1054.3059933732632,311.712,115
2025-12-07,16:00,1055.7436611009584,311.712,115
2025-12-07,17:00,1017.9184970027322,311.712,111
2025-12-07,18:00,811.4965043302014,311.712,88
2025-12-07,19:00,610.295236718382,311.712,67
2025-12-07,20:00,387.05262616973005,311.712,42
2025-12-07,21:00,221.1032372913106,311.712,25
2025-12-07,22:00,98.01189754944659,311.712,13
2025-12-07,23:00,114.35614434733434,311.712,15
2025-12-08,00:00,66.86219395816113,311.712,10
2025-12-08,01:00,63.64827250032206,311.712,10
2025-12-08,02:00,110.80858421107318,311.712,14
2025-12-08,03:00,103.06091227826023,311.712,14
2025-12-08,04:00,161.18413695473157,311.712,20
2025-12-08,05:00,461.3291990316094,311.712,50
2025-12-08,06:00,591.6380348339528,311.712,65
2025-12-08,07:00,1099.906260547435,311.712,120
2025-12-08,08:00,1148.9899040789633,311.712,125
2025-12-08,09:00,1091.3274456951988,311.712,119
2025-12-08,10:00,952.8034488857841,311.712,104
2025-12-08,11:00,1016.126904378711,311.712,110
2025-12-08,12:00,1028.9877039213586,311.712,112
2025-12-08,13:00,1002.2622286829225,311.712,109
2025-12-08,14:00,1014.3497923316222,311.712,110
2025-12-08,15:00,1033.0971098687733,311.712,112
2025-12-08,16:00,1024.2839988171459,311.712,111
2025-12-08,17:00,926.0240848536274,311.712,101
2025-12-08,18:00,831.9959162816941,311.712,91
2025-12-08,19:00,673.1336841609321,311.712,73
2025-12-08,20:00,459.1247264343151,311.712,50
2025-12-08,21:00,200.56630372861835,311.712,23
2025-12-08,22:00,106.31030178347304,311.712,14
2025-12-08,23:00,119.58992930580806,311.712,15
2025-12-09,00:00,56.444623455847946,311.712,9
2025-12-09,01:00,55.31139849299175,311.712,9
2025-12-09,02:00,56.9876715562898,311.712,9
2025-12-09,03:00,91.81160608751993,311.712,13
2025-12-09,04:00,136.84676654988354,311.712,17
2025-12-09,05:00,282.8922162387095,311.712,31
2025-12-09,06:00,571.8904477772903,311.712,62
2025-12-09,07:00,1050.9821811717682,311.712,114
2025-12-09,08:00,1144.404166178684,311.712,124
2025-12-09,09:00,1091.6340972102516,311.712,119
2025-12-09,10:00,945.7280132081364,311.712,103
2025-12-09,11:00,1006.761939142898,311.712,109
2025-12-09,12:00,1029.0715939782665,311.712,112
2025-12-09,13:00,1003.6917216751739,311.712,109
2025-12-09,14:00,1007.940408119234,311.712,110
2025-12-09,15:00,1037.6359980543891,311.712,113
2025-12-09,16:00,974.9712323554804,311.712,106
2025-12-09,17:00,949.0834436070195,311.712,103
2025-12-09,18:00,840.3993640388242,311.712,91
2025-12-09,19:00,681.6625766742675,311.712,74
2025-12-09,20:00,455.54256186096046,311.712,50
2025-12-09,21:00,237.1863056739242,311.712,27
2025-12-09,22:00,111.0452615429068,311.712,15
2025-12-09,23:00,115.62441766467317,311.712,15
2025-12-10,00:00,51.16005078834103,311.712,8
2025-12-10,01:00,49.600978446671434,311.712,8
2025-12-10,02:00,55.436302077163255,311.712,9
2025-12-10,03:00,100.39177090351625,311.712,13
2025-12-10,04:00,158.7809885094243,311.712,19
2025-12-10,05:00,451.15722184638736,311.712,49
2025-12-10,06:00,578.6978135542157,311.712,63
2025-12-10,07:00,1073.945738515789,311.712,117
2025-12-10,08:00,1250.419996964108,311.712,136
2025-12-10,09:00,1311.1445247070337,311.712,142
2025-12-10,10:00,1207.4853301976607,311.712,131
2025-12-10,11:00,1252.4409455920843,311.712,136
2025-12-10,12:00,1328.726542306358,311.712,144
2025-12-10,13:00,1333.475535588409,311.712,145
2025-12-10,14:00,1306.590769864262,311.712,142
2025-12-10,15:00,1334.6487150316386,311.712,145
2025-12-10,16:00,1235.584494391611,311.712,134
2025-12-10,17:00,1088.6753772457507,311.712,118
2025-12-10,18:00,896.785281722673,311.712,98
2025-12-10,19:00,814.2579994404584,311.712,89
2025-12-10,20:00,481.3628313198334,311.712,53
2025-12-10,21:00,254.59278602621,311.712,29
2025-12-10,22:00,97.6896358816792,311.712,13
2025-12-10,23:00,69.37173160736022,311.712,10
2025-12-11,00:00,45.85892765153322,311.712,8
2025-12-11,01:00,69.39509175190018,311.712,10
2025-12-11,02:00,99.21243572018588,311.712,13
2025-12-11,03:00,150.09892594193568,311.712,18
2025-12-11,04:00,282.24297303742355,311.712,31
2025-12-11,05:00,413.78944724473894,311.712,45
2025-12-11,06:00,577.1323856028649,311.712,63
2025-12-11,07:00,1087.1634473978256,311.712,118
2025-12-11,08:00,1315.0654026012246,311.712,143
2025-12-11,09:00,1398.6498181999777,311.712,152
2025-12-11,10:00,1381.6386613009095,311.712,150
2025-12-11,11:00,1508.1303227105448,311.712,164
2025-12-11,12:00,1526.3899816054302,311.712,166
2025-12-11,13:00,1490.0930319542124,311.712,162
2025-12-11,14:00,1485.1881905050425,311.712,161
2025-12-11,15:00,1453.819612712762,311.712,158
2025-12-11,16:00,1406.9576770792603,311.712,153
2025-12-11,17:00,1361.7766833324933,311.712,148
2025-12-11,18:00,1196.3443226895913,311.712,130
2025-12-11,19:00,992.302354626164,311.712,108
2025-12-11,20:00,639.2311737512291,311.712,70
2025-12-11,21:00,262.80737989100083,311.712,29
2025-12-11,22:00,106.5696810333493,311.712,14
2025-12-11,23:00,128.95418314612854,311.712,16
2025-12-12,00:00,59.549447669541934,311.712,9
2025-12-12,01:00,77.550963112026,311.712,11
2025-12-12,02:00,142.33377391055538,311.712,18
2025-12-12,03:00,139.25473791848154,311.712,17
2025-12-12,04:00,270.28419356217523,311.712,30
2025-12-12,05:00,478.91049955511244,311.712,52
2025-12-12,06:00,552.3991803236647,311.712,60
2025-12-12,07:00,1068.4203408000135,311.712,116
2025-12-12,08:00,1319.5810334988341,311.712,143
2025-12-12,09:00,1389.3775599827413,311.712,151
2025-12-12,10:00,1390.472994656156,311.712,151
2025-12-12,11:00,1539.8128762009317,311.712,167
2025-12-12,12:00,1570.016299888449,311.712,170
2025-12-12,13:00,1525.179035159271,311.712,166
2025-12-12,14:00,1527.6627025984872,311.712,166
2025-12-12,15:00,1528.0724429077898,311.712,166
2025-12-12,16:00,1502.3163715858614,311.712,163
2025-12-12,17:00,1475.2753239628692,311.712,160
2025-12-12,18:00,1304.227634777124,311.712,142
2025-12-12,19:00,1018.2435397653977,311.712,111
2025-12-12,20:00,681.0123882082946,311.712,74
2025-12-12,21:00,294.97564206018967,311.712,32
2025-12-12,22:00,139.09403929598332,311.712,17
2025-12-12,23:00,132.6142652797263,311.712,17
2025-12-13,00:00,71.78146015755752,311.712,10
2025-12-13,01:00,81.54478388756026,311.712,11
2025-12-13,02:00,143.64855341169587,311.712,18
2025-12-13,03:00,137.971522930602,311.712,17
2025-12-13,04:00,256.15858091225925,311.712,29
2025-12-13,05:00,501.35178431614514,311.712,55
2025-12-13,06:00,587.8479210769706,311.712,64
2025-12-13,07:00,1086.9292612155214,311.712,118
2025-12-13,08:00,1238.6069109876319,311.712,135
2025-12-13,09:00,1279.3799955459613,311.712,139
2025-12-13,10:00,1238.7499131792672,311.712,135
2025-12-13,11:00,1298.8700962532105,311.712,141
2025-12-13,12:00,1355.7642575179707,311.712,147
2025-12-13,13:00,1298.2338173985174,311.712,141
2025-12-13,14:00,1372.8477936403467,311.712,149
2025-12-13,15:00,1412.8033868717657,311.712,153
2025-12-13,16:00,1371.0866636818755,311.712,149
2025-12-13,17:00,1277.651707740318,311.712,139
2025-12-13,18:00,1128.384171368652,311.712,123
2025-12-13,19:00,797.2982201721509,311.712,87
2025-12-13,20:00,478.75411472699045,311.712,52
2025-12-13,21:00,252.20466064927527,311.712,28
2025-12-13,22:00,102.33079512243617,311.712,14
2025-12-13,23:00,128.23309525739498,311.712,16
2025-12-14,00:00,86.4235641232958,311.712,12
2025-12-14,01:00,96.99411406644127,311.712,13
2025-12-14,02:00,117.80972211994013,311.712,15
2025-12-14,03:00,145.06639718980776,311.712,18
2025-12-14,04:00,326.53803173817084,311.712,36
2025-12-14,05:00,500.8029950415106,311.712,55
2025-12-14,06:00,552.6528009196495,311.712,60
2025-12-14,07:00,1058.6452240591102,311.712,115
2025-12-14,08:00,1144.581920833144,311.712,124
2025-12-14,09:00,1122.0814063725834,311.712,122
2025-12-14,10:00,1026.6423686774144,311.712,112
2025-12-14,11:00,1020.8903730027289,311.712,111
2025-12-14,12:00,1011.2473093930719,311.712,110
2025-12-14,13:00,996.4100687195777,311.712,108
2025-12-14,14:00,1008.4145133802473,311.712,110
2025-12-14,15:00,1054.3059933732632,311.712,115
2025-12-14,16:00,1055.7436611009584,311.712,115
2025-12-14,17:00,1017.9184970027322,311.712,111
2025-12-14,18:00,811.4965043302014,311.712,88
2025-12-14,19:00,610.295236718382,311.712,67
2025-12-14,20:00,387.05262616973005,311.712,42
2025-12-14,21:00,222.4482483959082,311.712,26
2025-12-14,22:00,99.35690865404422,311.712,13
2025-12-14,23:00,114.35614434733434,311.712,15
2025-12-15,00:00,67.40022182934706,311.712,10
2025-12-15,01:00,64.17513795835049,311.712,10
2025-12-15,02:00,110.75543350063363,311.712,14
2025-12-15,03:00,103.09966195070514,311.712,14
2025-12-15,04:00,161.0922365718471,311.712,20
2025-12-15,05:00,461.34892513540444,311.712,50
2025-12-15,06:00,591.6577609377479,311.712,65
2025-12-15,07:00,1099.906260547435,311.712,120
2025-12-15,08:00,1148.9899040789633,311.712,125
2025-12-15,09:00,1091.3274456951988,311.712,119
2025-12-15,10:00,952.8034488857841,311.712,104
2025-12-15,11:00,1016.126904378711,311.712,110
2025-12-15,12:00,1028.9877039213586,311.712,112
2025-12-15,13:00,1002.2622286829225,311.712,109
2025-12-15,14:00,1014.3497923316222,311.712,110
2025-12-15,15:00,1033.0971098687733,311.712,112
2025-12-15,16:00,1024.2839988171459,311.712,111
2025-12-15,17:00,926.0240848536274,311.712,101
2025-12-15,18:00,831.9959162816941,311.712,91
2025-12-15,19:00,673.1336841609321,311.712,73
2025-12-15,20:00,459.1247264343151,311.712,50
2025-12-15,21:00,200.07761784682558,311.712,23
2025-12-15,22:00,100.99935962567484,311.712,13
2025-12-15,23:00,121.04674537396212,311.712,16
2025-12-16,00:00,56.9826513270339,311.712,9
2025-12-16,01:00,55.788569831147164,311.712,9
2025-12-16,02:00,56.9876715562898,311.712,9
2025-12-16,03:00,91.27471028207833,311.712,12
2025-12-16,04:00,136.84676654988354,311.712,17
2025-12-16,05:00,282.9506920149495,311.712,31
2025-12-16,06:00,571.9101738810854,311.712,62
2025-12-16,07:00,1050.9821811717682,311.712,114
2025-12-16,08:00,1144.404166178684,311.712,124
2025-12-16,09:00,1091.6340972102516,311.712,119
2025-12-16,10:00,945.7280132081364,311.712,103
2025-12-16,11:00,1006.761939142898,311.712,109
2025-12-16,12:00,1029.0715939782665,311.712,112
2025-12-16,13:00,1003.6917216751739,311.712,109
2025-12-16,14:00,1007.940408119234,311.712,110
2025-12-16,15:00,1037.6359980543891,311.712,113
2025-12-16,16:00,1002.4773354845544,311.712,109
2025-12-16,17:00,949.0834436070195,311.712,103
2025-12-16,18:00,845.219975170356,311.712,92
2025-12-16,19:00,681.6625766742675,311.712,74
2025-12-16,20:00,447.1561902805337,311.712,49
2025-12-16,21:00,236.6976197921315,311.712,27
2025-12-16,22:00,110.50956597660608,311.712,14
2025-12-16,23:00,115.36136422335552,311.712,15
2025-12-17,00:00,51.68164341154867,311.712,8
2025-12-17,01:00,50.111408656721565,311.712,8
2025-12-17,02:00,55.436302077163255,311.712,9
2025-12-17,03:00,100.42502977541096,311.712,13
2025-12-17,04:00,158.7809885094243,311.712,19
2025-12-17,05:00,451.2156976226273,311.712,49
2025-12-17,06:00,578.7175396580108,311.712,63
2025-12-17,07:00,1073.945738515789,311.712,117
2025-12-17,08:00,1250.419996964108,311.712,136
2025-12-17,09:00,1311.1445247070337,311.712,142
2025-12-17,10:00,1207.4853301976607,311.712,131
2025-12-17,11:00,1252.4409455920843,311.712,136
2025-12-17,12:00,1328.726542306358,311.712,144
2025-12-17,13:00,1333.475535588409,311.712,145
2025-12-17,14:00,1306.590769864262,311.712,142
2025-12-17,15:00,1334.6487150316386,311.712,145
2025-12-17,16:00,1235.584494391611,311.712,134
2025-12-17,17:00,1088.6753772457507,311.712,118
2025-12-17,18:00,896.785281722673,311.712,98
2025-12-17,19:00,814.2579994404584,311.712,89
2025-12-17,20:00,481.3628313198334,311.712,53
2025-12-17,21:00,254.59278602621,311.712,29
2025-12-17,22:00,97.15394031537845,311.712,13
2025-12-17,23:00,69.84745785881977,311.712,10
2025-12-18,00:00,45.88124207599983,311.712,8
2025-12-18,01:00,69.4174061763668,311.712,10
2025-12-18,02:00,99.21243572018588,311.712,13
2025-12-18,03:00,150.1376756143806,311.712,18
2025-12-18,04:00,282.24297303742355,311.712,31
2025-12-18,05:00,413.78944724473894,311.712,45
2025-12-18,06:00,577.1323856028649,311.712,63
2025-12-18,07:00,1087.1634473978256,311.712,118
2025-12-18,08:00,1315.0654026012246,311.712,143
2025-12-18,09:00,1398.6498181999777,311.712,152
2025-12-18,10:00,1381.6386613009095,311.712,150
2025-12-18,11:00,1508.1303227105448,311.712,164
2025-12-18,12:00,1526.3899816054302,311.712,166
2025-12-18,13:00,1490.0930319542124,311.712,162
2025-12-18,14:00,1485.1881905050425,311.712,161
2025-12-18,15:00,1453.819612712762,311.712,158
2025-12-18,16:00,1406.9576770792603,311.712,153
2025-12-18,17:00,1361.7766833324933,311.712,148
2025-12-18,18:00,1196.3443226895913,311.712,130
2025-12-18,19:00,992.302354626164,311.712,108
2025-12-18,20:00,639.2311737512291,311.712,70
2025-12-18,21:00,262.80737989100083,311.712,29
2025-12-18,22:00,106.08099515155655,311.712,14
2025-12-18,23:00,128.94592313406548,311.712,16
2025-12-19,00:00,59.588197341986856,311.712,9
2025-12-19,01:00,77.58971278447092,311.712,11
2025-12-19,02:00,142.33377391055538,311.712,18
2025-12-19,03:00,139.29348759092647,311.712,17
2025-12-19,04:00,270.28419356217523,311.712,30
2025-12-19,05:00,478.91049955511244,311.712,52
2025-12-19,06:00,552.3991803236647,311.712,60
2025-12-19,07:00,1068.4203408000135,311.712,116
2025-12-19,08:00,1319.5810334988341,311.712,143
2025-12-19,09:00,1389.3775599827413,311.712,151
2025-12-19,10:00,1390.472994656156,311.712,151
2025-12-19,11:00,1539.8128762009317,311.712,167
2025-12-19,12:00,1570.016299888449,311.712,170
2025-12-19,13:00,1525.179035159271,311.712,166
2025-12-19,14:00,1527.6627025984872,311.712,166
2025-12-19,15:00,1528.0724429077898,311.712,166
2025-12-19,16:00,1502.3163715858614,311.712,163
2025-12-19,17:00,1475.2753239628692,311.712,160
2025-12-19,18:00,1304.227634777124,311.712,142
2025-12-19,19:00,1018.2435397653977,311.712,111
2025-12-19,20:00,681.0123882082946,311.712,74
2025-12-19,21:00,294.97564206018967,311.712,32
2025-12-19,22:00,138.60535341419057,311.712,17
2025-12-19,23:00,132.60600526766325,311.712,17
2025-12-20,00:00,71.82020983000244,311.712,10
2025-12-20,01:00,81.58353356000518,311.712,11
2025-12-20,02:00,143.6873030841408,311.712,18
2025-12-20,03:00,138.01027260304693,311.712,17
2025-12-20,04:00,256.15858091225925,311.712,29
2025-12-20,05:00,501.35178431614514,311.712,55
2025-12-20,06:00,587.8479210769706,311.712,64
2025-12-20,07:00,1086.9292612155214,311.712,118
2025-12-20,08:00,1238.6069109876319,311.712,135
2025-12-20,09:00,1279.3799955459613,311.712,139
2025-12-20,10:00,1238.7499131792672,311.712,135
2025-12-20,11:00,1298.8700962532105,311.712,141
2025-12-20,12:00,1355.7642575179707,311.712,147
2025-12-20,13:00,1298.2338173985174,311.712,141
2025-12-20,14:00,1372.8477936403467,311.712,149
2025-12-20,15:00,1412.8033868717657,311.712,153
2025-12-20,16:00,1371.0866636818755,311.712,149
2025-12-20,17:00,1277.651707740318,311.712,139
2025-12-20,18:00,1128.384171368652,311.712,123
2025-12-20,19:00,797.2982201721509,311.712,87
2025-12-20,20:00,478.75411472699045,311.712,52
2025-12-20,21:00,252.20466064927527,311.712,28
2025-12-20,22:00,101.79509955613545,311.712,14
2025-12-20,23:00,128.22483524533192,311.712,16
2025-12-21,00:00,86.46231379574073,311.712,12
2025-12-21,01:00,97.03286373888619,311.712,13
2025-12-21,02:00,117.84847179238504,311.712,15
2025-12-21,03:00,145.10514686225267,311.712,18
2025-12-21,04:00,326.53803173817084,311.712,36
2025-12-21,05:00,500.8029950415106,311.712,55
2025-12-21,06:00,552.6528009196495,311.712,60
2025-12-21,07:00,1058.6452240591102,311.712,115
2025-12-21,08:00,1144.581920833144,311.712,124
2025-12-21,09:00,1122.0814063725834,311.712,122
2025-12-21,10:00,1026.6423686774144,311.712,112
2025-12-21,11:00,1020.8903730027289,311.712,111
2025-12-21,12:00,1011.2473093930719,311.712,110
2025-12-21,13:00,996.4100687195777,311.712,108
2025-12-21,14:00,1008.4145133802473,311.712,110
2025-12-21,15:00,1054.3059933732632,311.712,115
2025-12-21,16:00,1055.7436611009584,311.712,115
2025-12-21,17:00,1017.9184970027322,311.712,111
2025-12-21,18:00,811.4965043302014,311.712,88
2025-12-21,19:00,610.295236718382,311.712,67
2025-12-21,20:00,387.05262616973005,311.712,42
2025-12-21,21:00,221.95956251411545,311.712,25
2025-12-21,22:00,98.82121308774347,311.712,13
2025-12-21,23:00,114.34788433527127,311.712,15
2025-12-22,00:00,67.40022182934706,311.712,10
2025-12-22,01:00,64.17513795835049,311.712,10
2025-12-22,02:00,110.75543350063363,311.712,14
2025-12-22,03:00,103.09966195070514,311.712,14
2025-12-22,04:00,161.0922365718471,311.712,20
2025-12-22,05:00,461.34892513540444,311.712,50
2025-12-22,06:00,591.6577609377479,311.712,65
2025-12-22,07:00,1099.906260547435,311.712,120
2025-12-22,08:00,1148.9899040789633,311.712,125
2025-12-22,09:00,1091.3274456951988,311.712,119
2025-12-22,10:00,952.8034488857841,311.712,104
2025-12-22,11:00,1016.126904378711,311.712,110
2025-12-22,12:00,1028.9877039213586,311.712,112
2025-12-22,13:00,1002.2622286829225,311.712,109
2025-12-22,14:00,1014.3497923316222,311.712,110
2025-12-22,15:00,1033.0971098687733,311.712,112
2025-12-22,16:00,1024.2839988171459,311.712,111
2025-12-22,17:00,926.0240848536274,311.712,101
2025-12-22,18:00,831.9959162816941,311.712,91
2025-12-22,19:00,673.1336841609321,311.712,73
2025-12-22,20:00,459.1247264343151,311.712,50
2025-12-22,21:00,200.07761784682558,311.712,23
2025-12-22,22:00,100.99935962567484,311.712,13
2025-12-22,23:00,121.04674537396212,311.712,16
2025-12-23,00:00,56.9826513270339,311.712,9
2025-12-23,01:00,55.788569831147164,311.712,9
2025-12-23,02:00,56.9876715562898,311.712,9
2025-12-23,03:00,91.27471028207833,311.712,12
2025-12-23,04:00,136.84676654988354,311.712,17
2025-12-23,05:00,282.9506920149495,311.712,31
2025-12-23,06:00,571.9101738810854,311.712,62
2025-12-23,07:00,1050.9821811717682,311.712,114
2025-12-23,08:00,1144.404166178684,311.712,124
2025-12-23,09:00,1091.6340972102516,311.712,119
2025-12-23,10:00,945.7280132081364,311.712,103
2025-12-23,11:00,1006.761939142898,311.712,109
2025-12-23,12:00,1029.0715939782665,311.712,112
2025-12-23,13:00,1003.6917216751739,311.712,109
2025-12-23,14:00,1007.940408119234,311.712,110
2025-12-23,15:00,1037.6359980543891,311.712,113
2025-12-23,16:00,1002.4773354845544,311.712,109
2025-12-23,17:00,949.0834436070195,311.712,103
2025-12-23,18:00,845.219975170356,311.712,92
2025-12-23,19:00,681.6625766742675,311.712,74
2025-12-23,20:00,447.1561902805337,311.712,49
2025-12-23,21:00,236.6976197921315,311.712,27
2025-12-23,22:00,110.50956597660608,311.712,14
2025-12-23,23:00,115.36136422335552,311.712,15
2025-12-24,00:00,51.68164341154867,311.712,8
2025-12-24,01:00,50.111408656721565,311.712,8
2025-12-24,02:00,55.436302077163255,311.712,9
2025-12-24,03:00,100.42502977541096,311.712,13
2025-12-24,04:00,158.7809885094243,311.712,19
2025-12-24,05:00,451.2156976226273,311.712,49
2025-12-24,06:00,578.7175396580108,311.712,63
2025-12-24,07:00,1073.945738515789,311.712,117
2025-12-24,08:00,1250.419996964108,311.712,136
2025-12-24,09:00,1311.1445247070337,311.712,142
2025-12-24,10:00,1207.4853301976607,311.712,131
2025-12-24,11:00,1252.4409455920843,311.712,136
2025-12-24,12:00,1328.726542306358,311.712,144
2025-12-24,13:00,1333.475535588409,311.712,145
2025-12-24,14:00,1306.590769864262,311.712,142
2025-12-24,15:00,1334.6487150316386,311.712,145
2025-12-24,16:00,1235.584494391611,311.712,134
2025-12-24,17:00,1088.6753772457507,311.712,118
2025-12-24,18:00,896.785281722673,311.712,98
2025-12-24,19:00,814.2579994404584,311.712,89
2025-12-24,20:00,481.3628313198334,311.712,53
2025-12-24,21:00,254.59278602621,311.712,29
2025-12-24,22:00,97.15394031537845,311.712,13
2025-12-24,23:00,69.84745785881977,311.712,10
2025-12-25,00:00,45.88124207599983,311.712,8
2025-12-25,01:00,69.4174061763668,311.712,10
2025-12-25,02:00,99.21243572018588,311.712,13
2025-12-25,03:00,150.1376756143806,311.712,18
2025-12-25,04:00,282.24297303742355,311.712,31
2025-12-25,05:00,413.78944724473894,311.712,45
2025-12-25,06:00,577.1323856028649,311.712,63
2025-12-25,07:00,1087.1634473978256,311.712,118
2025-12-25,08:00,1315.0654026012246,311.712,143
2025-12-25,09:00,1398.6498181999777,311.712,152
2025-12-25,10:00,1381.6386613009095,311.712,150
2025-12-25,11:00,1508.1303227105448,311.712,164
2025-12-25,12:00,1526.3899816054302,311.712,166
2025-12-25,13:00,1490.0930319542124,311.712,162
2025-12-25,14:00,1485.1881905050425,311.712,161
2025-12-25,15:00,1453.819612712762,311.712,158
2025-12-25,16:00,1406.9576770792603,311.712,153
2025-12-25,17:00,1361.7766833324933,311.712,148
2025-12-25,18:00,1196.3443226895913,311.712,130
2025-12-25,19:00,992.302354626164,311.712,108
2025-12-25,20:00,639.2311737512291,311.712,70
2025-12-25,21:00,262.80737989100083,311.712,29
2025-12-25,22:00,106.08099515155655,311.712,14
2025-12-25,23:00,128.94592313406548,311.712,16
2025-12-26,00:00,59.588197341986856,311.712,9
2025-12-26,01:00,77.58971278447092,311.712,11
2025-12-26,02:00,142.33377391055538,311.712,18
2025-12-26,03:00,139.29348759092647,311.712,17
2025-12-26,04:00,270.28419356217523,311.712,30
2025-12-26,05:00,478.91049955511244,311.712,52
2025-12-26,06:00,552.3991803236647,311.712,60
2025-12-26,07:00,1068.4203408000135,311.712,116
2025-12-26,08:00,1319.5810334988341,311.712,143
2025-12-26,09:00,1389.3775599827413,311.712,151
2025-12-26,10:00,1390.472994656156,311.712,151
2025-12-26,11:00,1539.8128762009317,311.712,167
2025-12-26,12:00,1570.016299888449,311.712,170
2025-12-26,13:00,1525.179035159271,311.712,166
2025-12-26,14:00,1527.6627025984872,311.712,166
2025-12-26,15:00,1528.0724429077898,311.712,166
2025-12-26,16:00,1502.3163715858614,311.712,163
2025-12-26,17:00,1475.2753239628692,311.712,160
2025-12-26,18:00,1304.227634777124,311.712,142
2025-12-26,19:00,1018.2435397653977,311.712,111
2025-12-26,20:00,681.0123882082946,311.712,74
2025-12-26,21:00,294.97564206018967,311.712,32
2025-12-26,22:00,138.60535341419057,311.712,17
2025-12-26,23:00,132.60600526766325,311.712,17
2025-12-27,00:00,71.82020983000244,311.712,10
2025-12-27,01:00,81.58353356000518,311.712,11
2025-12-27,02:00,143.6873030841408,311.712,18
2025-12-27,03:00,138.01027260304693,311.712,17
2025-12-27,04:00,256.15858091225925,311.712,29
2025-12-27,05:00,501.35178431614514,311.712,55
2025-12-27,06:00,587.8479210769706,311.712,64
2025-12-27,07:00,1086.9292612155214,311.712,118
2025-12-27,08:00,1238.6069109876319,311.712,135
2025-12-27,09:00,1279.3799955459613,311.712,139
2025-12-27,10:00,1238.7499131792672,311.712,135
2025-12-27,11:00,1298.8700962532105,311.712,141
2025-12-27,12:00,1355.7642575179707,311.712,147
2025-12-27,13:00,1298.2338173985174,311.712,141
2025-12-27,14:00,1372.8477936403467,311.712,149
2025-12-27,15:00,1412.8033868717657,311.712,153
2025-12-27,16:00,1371.0866636818755,311.712,149
2025-12-27,17:00,1277.651707740318,311.712,139
2025-12-27,18:00,1128.384171368652,311.712,123
2025-12-27,19:00,797.2982201721509,311.712,87
2025-12-27,20:00,478.75411472699045,311.712,52
2025-12-27,21:00,252.20466064927527,311.712,28
2025-12-27,22:00,101.79509955613545,311.712,14
2025-12-27,23:00,128.22483524533192,311.712,16
2025-12-28,00:00,86.46231379574073,311.712,12
2025-12-28,01:00,97.03286373888619,311.712,13
2025-12-28,02:00,117.84847179238504,311.712,15
2025-12-28,03:00,145.10514686225267,311.712,18
2025-12-28,04:00,326.53803173817084,311.712,36
2025-12-28,05:00,500.8029950415106,311.712,55
2025-12-28,06:00,552.6528009196495,311.712,60
2025-12-28,07:00,1058.6452240591102,311.712,115
2025-12-28,08:00,1144.581920833144,311.712,124
2025-12-28,09:00,1122.0814063725834,311.712,122
2025-12-28,10:00,1026.6423686774144,311.712,112
2025-12-28,11:00,1020.8903730027289,311.712,111
2025-12-28,12:00,1011.2473093930719,311.712,110
2025-12-28,13:00,996.4100687195777,311.712,108
2025-12-28,14:00,1008.4145133802473,311.712,110
2025-12-28,15:00,1054.3059933732632,311.712,115
2025-12-28,16:00,1055.7436611009584,311.712,115
2025-12-28,17:00,1017.9184970027322,311.712,111
2025-12-28,18:00,811.4965043302014,311.712,88
2025-12-28,19:00,610.295236718382,311.712,67
2025-12-28,20:00,387.05262616973005,311.712,42
2025-12-28,21:00,221.95956251411545,311.712,25
2025-12-28,22:00,98.82121308774347,311.712,13
2025-12-28,23:00,114.34788433527127,311.712,15
2025-12-29,00:00,76.49913431936943,311.712,11
2025-12-29,01:00,70.53379691430449,311.712,10
2025-12-29,02:00,115.8036052479946,311.712,15
2025-12-29,03:00,105.27393465293484,311.712,14
2025-12-29,04:00,160.92189380075075,311.712,20
2025-12-29,05:00,450.46112439675505,311.712,49
2025-12-29,06:00,578.8559866039952,311.712,63
2025-12-29,07:00,1065.557221261976,311.712,116
2025-12-29,08:00,1084.9408730712478,311.712,118
2025-12-29,09:00,1019.9740242312688,311.712,111
2025-12-29,10:00,886.7972771007271,311.712,96
2025-12-29,11:00,971.3274027248708,311.712,106
2025-12-29,12:00,977.4701787115296,311.712,106
2025-12-29,13:00,953.9521367476799,311.712,104
2025-12-29,14:00,995.5105663194784,311.712,108
2025-12-29,15:00,1026.787527201304,311.712,112
2025-12-29,16:00,987.011866638685,311.712,107
2025-12-29,17:00,882.2516730657505,311.712,96
2025-12-29,18:00,784.9044188668552,311.712,85
2025-12-29,19:00,635.3318472163936,311.712,69
2025-12-29,20:00,413.4274441604682,311.712,45
2025-12-29,21:00,275.86735855202943,311.712,31
2025-12-29,22:00,170.4650431885098,311.712,20
2025-12-29,23:00,120.09385978650207,311.712,15
2025-12-30,00:00,71.4310333672412,311.712,10
2025-12-30,01:00,64.91126224385499,311.712,10
2025-12-30,02:00,67.25871332111305,311.712,10
2025-12-30,03:00,100.16499816646625,311.712,13
2025-12-30,04:00,172.94586406260237,311.712,21
2025-12-30,05:00,435.16315749209576,311.712,48
2025-12-30,06:00,571.8436806952141,311.712,62
2025-12-30,07:00,1005.477123517128,311.712,109
2025-12-30,08:00,1086.3591680289053,311.712,118
2025-12-30,09:00,996.7232743298277,311.712,108
2025-12-30,10:00,905.4865826798565,311.712,99
2025-12-30,11:00,949.2602741473712,311.712,103
2025-12-30,12:00,995.780512863097,311.712,108
2025-12-30,13:00,978.1287249462928,311.712,106
2025-12-30,14:00,970.532059335619,311.712,106
2025-12-30,15:00,1004.7480217034442,311.712,109
2025-12-30,16:00,965.645568818156,311.712,105
2025-12-30,17:00,904.062785048406,311.712,98
2025-12-30,18:00,794.0365727463308,311.712,86
2025-12-30,19:00,636.1111043898451,311.712,69
2025-12-30,20:00,413.0818523879341,311.712,45
2025-12-30,21:00,271.29500937027774,311.712,30
2025-12-30,22:00,170.58736246820538,311.712,20
2025-12-30,23:00,115.34425567415704,311.712,15
2025-12-31,00:00,64.50114734416101,311.712,10
2025-12-31,01:00,57.68187146242053,311.712,9
2025-12-31,02:00,67.41288845087996,311.712,10
2025-12-31,03:00,100.44843226505773,311.712,13
2025-12-31,04:00,172.94586406260237,311.712,21
2025-12-31,05:00,435.70906391245927,311.712,48
2025-12-31,06:00,570.5949865315936,311.712,62
2025-12-31,07:00,1005.477123517128,311.712,109
2025-12-31,08:00,1138.8537938835277,311.712,124
2025-12-31,09:00,1052.7047338212494,311.712,114
2025-12-31,10:00,951.665767571019,311.712,104
2025-12-31,11:00,1012.9835189532647,311.712,110
2025-12-31,12:00,1041.3287152793655,311.712,113
2025-12-31,13:00,1018.7733448651032,311.712,111
2025-12-31,14:00,1043.4277156115838,311.712,113
2025-12-31,15:00,1081.4697274470573,311.712,118
2025-12-31,16:00,1029.6540822952845,311.712,112
2025-12-31,17:00,962.259686014761,311.712,105
2025-12-31,18:00,846.6307773670246,311.712,92
2025-12-31,19:00,698.5817885420287,311.712,76
2025-12-31,20:00,490.14009913598113,311.712,54
2025-12-31,21:00,232.38793519080838,311.712,26
2025-12-31,22:00,114.09328390665853,311.712,15
2025-12-31,23:00,122.98052328254538,311.712,16
