ts,pred_llamadas,pred_tmo_seg
2025-10-05 13:00:00,95,209
2025-10-05 14:00:00,95,209
2025-10-05 15:00:00,96,209
2025-10-05 16:00:00,100,209
2025-10-05 17:00:00,101,184
2025-10-05 18:00:00,101,183
2025-10-05 19:00:00,101,180
2025-10-05 20:00:00,101,180
2025-10-05 21:00:00,94,179
2025-10-05 22:00:00,60,177
2025-10-05 23:00:00,42,177
2025-10-06 00:00:00,25,188
2025-10-06 01:00:00,10,184
2025-10-06 02:00:00,19,181
2025-10-06 03:00:00,42,183
2025-10-06 04:00:00,51,184
2025-10-06 05:00:00,47,184
2025-10-06 06:00:00,66,187
2025-10-06 07:00:00,68,188
2025-10-06 08:00:00,186,215
2025-10-06 09:00:00,188,215
2025-10-06 10:00:00,146,215
2025-10-06 11:00:00,96,215
2025-10-06 12:00:00,95,216
2025-10-06 13:00:00,96,217
2025-10-06 14:00:00,96,217
2025-10-06 15:00:00,96,217
2025-10-06 16:00:00,100,217
2025-10-06 17:00:00,100,190
2025-10-06 18:00:00,102,189
2025-10-06 19:00:00,100,186
2025-10-06 20:00:00,99,186
2025-10-06 21:00:00,94,187
2025-10-06 22:00:00,61,185
2025-10-06 23:00:00,43,186
2025-10-07 00:00:00,21,188
2025-10-07 01:00:00,7,184
2025-10-07 02:00:00,17,182
2025-10-07 03:00:00,40,181
2025-10-07 04:00:00,50,184
2025-10-07 05:00:00,47,184
2025-10-07 06:00:00,65,187
2025-10-07 07:00:00,67,188
2025-10-07 08:00:00,168,218
2025-10-07 09:00:00,170,216
2025-10-07 10:00:00,144,215
2025-10-07 11:00:00,98,215
2025-10-07 12:00:00,97,216
2025-10-07 13:00:00,98,216
2025-10-07 14:00:00,98,216
2025-10-07 15:00:00,98,216
2025-10-07 16:00:00,103,216
2025-10-07 17:00:00,103,192
2025-10-07 18:00:00,113,190
2025-10-07 19:00:00,102,187
2025-10-07 20:00:00,102,187
2025-10-07 21:00:00,95,186
2025-10-07 22:00:00,63,186
2025-10-07 23:00:00,40,187
2025-10-08 00:00:00,20,187
2025-10-08 01:00:00,8,183
2025-10-08 02:00:00,17,180
2025-10-08 03:00:00,40,179
2025-10-08 04:00:00,49,181
2025-10-08 05:00:00,46,180
2025-10-08 06:00:00,63,183
2025-10-08 07:00:00,65,184
2025-10-08 08:00:00,169,217
2025-10-08 09:00:00,170,214
2025-10-08 10:00:00,145,213
2025-10-08 11:00:00,99,214
2025-10-08 12:00:00,98,215
2025-10-08 13:00:00,98,215
2025-10-08 14:00:00,98,215
2025-10-08 15:00:00,98,215
2025-10-08 16:00:00,104,215
2025-10-08 17:00:00,104,189
2025-10-08 18:00:00,104,188
2025-10-08 19:00:00,104,185
2025-10-08 20:00:00,103,186
2025-10-08 21:00:00,94,185
2025-10-08 22:00:00,61,184
2025-10-08 23:00:00,42,185
2025-10-09 00:00:00,22,184
2025-10-09 01:00:00,8,180
2025-10-09 02:00:00,17,178
2025-10-09 03:00:00,40,178
2025-10-09 04:00:00,50,179
2025-10-09 05:00:00,47,180
2025-10-09 06:00:00,65,182
2025-10-09 07:00:00,67,182
2025-10-09 08:00:00,167,214
2025-10-09 09:00:00,169,211
2025-10-09 10:00:00,146,212
2025-10-09 11:00:00,99,213
2025-10-09 12:00:00,98,213
2025-10-09 13:00:00,99,214
2025-10-09 14:00:00,98,214
2025-10-09 15:00:00,99,214
2025-10-09 16:00:00,103,214
2025-10-09 17:00:00,103,188
2025-10-09 18:00:00,101,186
2025-10-09 19:00:00,102,183
2025-10-09 20:00:00,102,184
2025-10-09 21:00:00,96,184
2025-10-09 22:00:00,63,182
2025-10-09 23:00:00,42,183
2025-10-10 00:00:00,27,181
2025-10-10 01:00:00,13,178
2025-10-10 02:00:00,18,175
2025-10-10 03:00:00,40,175
2025-10-10 04:00:00,49,176
2025-10-10 05:00:00,47,176
2025-10-10 06:00:00,64,177
2025-10-10 07:00:00,66,178
2025-10-10 08:00:00,164,215
2025-10-10 09:00:00,166,213
2025-10-10 10:00:00,147,213
2025-10-10 11:00:00,98,213
2025-10-10 12:00:00,97,214
2025-10-10 13:00:00,97,215
2025-10-10 14:00:00,97,215
2025-10-10 15:00:00,98,215
2025-10-10 16:00:00,101,215
2025-10-10 17:00:00,101,185
2025-10-10 18:00:00,99,184
2025-10-10 19:00:00,101,181
2025-10-10 20:00:00,100,181
2025-10-10 21:00:00,95,181
2025-10-10 22:00:00,60,179
2025-10-10 23:00:00,43,180
2025-10-11 00:00:00,32,182
2025-10-11 01:00:00,16,178
2025-10-11 02:00:00,48,176
2025-10-11 03:00:00,84,176
2025-10-11 04:00:00,75,177
2025-10-11 05:00:00,75,178
2025-10-11 06:00:00,84,179
2025-10-11 07:00:00,85,179
2025-10-11 08:00:00,106,210
2025-10-11 09:00:00,142,208
2025-10-11 10:00:00,139,208
2025-10-11 11:00:00,97,210
2025-10-11 12:00:00,96,210
2025-10-11 13:00:00,97,211
2025-10-11 14:00:00,96,210
2025-10-11 15:00:00,97,211
2025-10-11 16:00:00,101,211
2025-10-11 17:00:00,101,185
2025-10-11 18:00:00,99,184
2025-10-11 19:00:00,101,182
2025-10-11 20:00:00,100,181
2025-10-11 21:00:00,93,180
2025-10-11 22:00:00,62,179
2025-10-11 23:00:00,44,180
2025-10-12 00:00:00,32,179
2025-10-12 01:00:00,19,176
2025-10-12 02:00:00,49,174
2025-10-12 03:00:00,80,177
2025-10-12 04:00:00,71,178
2025-10-12 05:00:00,70,178
2025-10-12 06:00:00,79,178
2025-10-12 07:00:00,79,177
2025-10-12 08:00:00,96,211
2025-10-12 09:00:00,139,209
2025-10-12 10:00:00,137,208
2025-10-12 11:00:00,96,208
2025-10-12 12:00:00,95,208
2025-10-12 13:00:00,95,209
2025-10-12 14:00:00,95,209
2025-10-12 15:00:00,96,209
2025-10-12 16:00:00,100,209
2025-10-12 17:00:00,101,184
2025-10-12 18:00:00,101,183
2025-10-12 19:00:00,101,180
2025-10-12 20:00:00,101,180
2025-10-12 21:00:00,94,179
2025-10-12 22:00:00,60,177
2025-10-12 23:00:00,42,177
2025-10-13 00:00:00,25,188
2025-10-13 01:00:00,10,184
2025-10-13 02:00:00,19,181
2025-10-13 03:00:00,42,183
2025-10-13 04:00:00,51,184
2025-10-13 05:00:00,47,184
2025-10-13 06:00:00,66,187
2025-10-13 07:00:00,68,188
2025-10-13 08:00:00,186,215
2025-10-13 09:00:00,188,215
2025-10-13 10:00:00,146,215
2025-10-13 11:00:00,96,215
2025-10-13 12:00:00,95,216
2025-10-13 13:00:00,96,217
2025-10-13 14:00:00,96,217
2025-10-13 15:00:00,96,217
2025-10-13 16:00:00,100,217
2025-10-13 17:00:00,100,190
2025-10-13 18:00:00,102,189
2025-10-13 19:00:00,100,186
2025-10-13 20:00:00,99,186
2025-10-13 21:00:00,94,187
2025-10-13 22:00:00,61,185
2025-10-13 23:00:00,43,186
2025-10-14 00:00:00,21,188
2025-10-14 01:00:00,7,184
2025-10-14 02:00:00,17,182
2025-10-14 03:00:00,40,181
2025-10-14 04:00:00,50,184
2025-10-14 05:00:00,47,184
2025-10-14 06:00:00,65,187
2025-10-14 07:00:00,67,188
2025-10-14 08:00:00,168,218
2025-10-14 09:00:00,170,216
2025-10-14 10:00:00,144,215
2025-10-14 11:00:00,98,215
2025-10-14 12:00:00,97,216
2025-10-14 13:00:00,98,216
2025-10-14 14:00:00,98,216
2025-10-14 15:00:00,98,216
2025-10-14 16:00:00,103,216
2025-10-14 17:00:00,103,192
2025-10-14 18:00:00,113,190
2025-10-14 19:00:00,102,187
2025-10-14 20:00:00,102,187
2025-10-14 21:00:00,95,186
2025-10-14 22:00:00,63,186
2025-10-14 23:00:00,40,187
2025-10-15 00:00:00,20,187
2025-10-15 01:00:00,8,183
2025-10-15 02:00:00,17,180
2025-10-15 03:00:00,40,179
2025-10-15 04:00:00,49,181
2025-10-15 05:00:00,46,180
2025-10-15 06:00:00,63,183
2025-10-15 07:00:00,65,184
2025-10-15 08:00:00,169,217
2025-10-15 09:00:00,170,214
2025-10-15 10:00:00,145,213
2025-10-15 11:00:00,99,214
2025-10-15 12:00:00,98,215
2025-10-15 13:00:00,98,215
2025-10-15 14:00:00,98,215
2025-10-15 15:00:00,98,215
2025-10-15 16:00:00,104,215
2025-10-15 17:00:00,104,189
2025-10-15 18:00:00,104,188
2025-10-15 19:00:00,104,185
2025-10-15 20:00:00,103,186
2025-10-15 21:00:00,94,185
2025-10-15 22:00:00,61,184
2025-10-15 23:00:00,42,185
2025-10-16 00:00:00,22,184
2025-10-16 01:00:00,8,180
2025-10-16 02:00:00,17,178
2025-10-16 03:00:00,40,178
2025-10-16 04:00:00,50,179
2025-10-16 05:00:00,47,180
2025-10-16 06:00:00,65,182
2025-10-16 07:00:00,67,182
2025-10-16 08:00:00,167,214
2025-10-16 09:00:00,169,211
2025-10-16 10:00:00,146,212
2025-10-16 11:00:00,99,213
2025-10-16 12:00:00,98,213
2025-10-16 13:00:00,99,214
2025-10-16 14:00:00,98,214
2025-10-16 15:00:00,99,214
2025-10-16 16:00:00,103,214
2025-10-16 17:00:00,103,188
2025-10-16 18:00:00,101,186
2025-10-16 19:00:00,102,183
2025-10-16 20:00:00,102,184
2025-10-16 21:00:00,96,184
2025-10-16 22:00:00,63,182
2025-10-16 23:00:00,42,183
2025-10-17 00:00:00,27,181
2025-10-17 01:00:00,13,178
2025-10-17 02:00:00,18,175
2025-10-17 03:00:00,40,175
2025-10-17 04:00:00,49,176
2025-10-17 05:00:00,47,176
2025-10-17 06:00:00,64,177
2025-10-17 07:00:00,66,178
2025-10-17 08:00:00,164,215
2025-10-17 09:00:00,166,213
2025-10-17 10:00:00,147,213
2025-10-17 11:00:00,98,213
2025-10-17 12:00:00,97,214
2025-10-17 13:00:00,97,215
2025-10-17 14:00:00,97,215
2025-10-17 15:00:00,98,215
2025-10-17 16:00:00,101,215
2025-10-17 17:00:00,101,185
2025-10-17 18:00:00,99,184
2025-10-17 19:00:00,101,181
2025-10-17 20:00:00,100,181
2025-10-17 21:00:00,95,181
2025-10-17 22:00:00,60,179
2025-10-17 23:00:00,43,180
2025-10-18 00:00:00,32,182
2025-10-18 01:00:00,16,178
2025-10-18 02:00:00,48,176
2025-10-18 03:00:00,84,176
2025-10-18 04:00:00,75,177
2025-10-18 05:00:00,75,178
2025-10-18 06:00:00,84,179
2025-10-18 07:00:00,85,179
2025-10-18 08:00:00,106,210
2025-10-18 09:00:00,142,208
2025-10-18 10:00:00,139,208
2025-10-18 11:00:00,97,210
2025-10-18 12:00:00,96,210
2025-10-18 13:00:00,97,211
2025-10-18 14:00:00,96,210
2025-10-18 15:00:00,97,211
2025-10-18 16:00:00,101,211
2025-10-18 17:00:00,101,185
2025-10-18 18:00:00,99,184
2025-10-18 19:00:00,101,182
2025-10-18 20:00:00,100,181
2025-10-18 21:00:00,93,180
2025-10-18 22:00:00,62,179
2025-10-18 23:00:00,44,180
2025-10-19 00:00:00,32,179
2025-10-19 01:00:00,19,176
2025-10-19 02:00:00,49,174
2025-10-19 03:00:00,80,177
2025-10-19 04:00:00,71,178
2025-10-19 05:00:00,70,178
2025-10-19 06:00:00,79,178
2025-10-19 07:00:00,79,177
2025-10-19 08:00:00,96,211
2025-10-19 09:00:00,139,209
2025-10-19 10:00:00,137,208
2025-10-19 11:00:00,96,208
2025-10-19 12:00:00,95,208
2025-10-19 13:00:00,95,209
2025-10-19 14:00:00,95,209
2025-10-19 15:00:00,96,209
2025-10-19 16:00:00,100,209
2025-10-19 17:00:00,101,184
2025-10-19 18:00:00,101,183
2025-10-19 19:00:00,101,180
2025-10-19 20:00:00,101,180
2025-10-19 21:00:00,94,179
2025-10-19 22:00:00,60,177
2025-10-19 23:00:00,42,177
2025-10-20 00:00:00,25,188
2025-10-20 01:00:00,10,184
2025-10-20 02:00:00,19,181
2025-10-20 03:00:00,42,183
2025-10-20 04:00:00,51,184
2025-10-20 05:00:00,47,184
2025-10-20 06:00:00,66,187
2025-10-20 07:00:00,68,188
2025-10-20 08:00:00,186,215
2025-10-20 09:00:00,188,215
2025-10-20 10:00:00,146,215
2025-10-20 11:00:00,96,215
2025-10-20 12:00:00,95,216
2025-10-20 13:00:00,96,217
2025-10-20 14:00:00,96,217
2025-10-20 15:00:00,96,217
2025-10-20 16:00:00,100,217
2025-10-20 17:00:00,100,190
2025-10-20 18:00:00,102,189
2025-10-20 19:00:00,100,186
2025-10-20 20:00:00,99,186
2025-10-20 21:00:00,94,187
2025-10-20 22:00:00,61,185
2025-10-20 23:00:00,43,186
2025-10-21 00:00:00,21,188
2025-10-21 01:00:00,7,184
2025-10-21 02:00:00,17,182
2025-10-21 03:00:00,40,181
2025-10-21 04:00:00,50,184
2025-10-21 05:00:00,47,184
2025-10-21 06:00:00,65,187
2025-10-21 07:00:00,67,188
2025-10-21 08:00:00,168,218
2025-10-21 09:00:00,170,216
2025-10-21 10:00:00,144,215
2025-10-21 11:00:00,98,215
2025-10-21 12:00:00,97,216
2025-10-21 13:00:00,98,216
2025-10-21 14:00:00,98,216
2025-10-21 15:00:00,98,216
2025-10-21 16:00:00,103,216
2025-10-21 17:00:00,103,192
2025-10-21 18:00:00,113,190
2025-10-21 19:00:00,102,187
2025-10-21 20:00:00,102,187
2025-10-21 21:00:00,95,186
2025-10-21 22:00:00,63,186
2025-10-21 23:00:00,40,187
2025-10-22 00:00:00,20,187
2025-10-22 01:00:00,8,183
2025-10-22 02:00:00,17,180
2025-10-22 03:00:00,40,179
2025-10-22 04:00:00,49,181
2025-10-22 05:00:00,46,180
2025-10-22 06:00:00,63,183
2025-10-22 07:00:00,65,184
2025-10-22 08:00:00,169,217
2025-10-22 09:00:00,170,214
2025-10-22 10:00:00,145,213
2025-10-22 11:00:00,99,214
2025-10-22 12:00:00,98,215
2025-10-22 13:00:00,98,215
2025-10-22 14:00:00,98,215
2025-10-22 15:00:00,98,215
2025-10-22 16:00:00,104,215
2025-10-22 17:00:00,104,189
2025-10-22 18:00:00,104,188
2025-10-22 19:00:00,104,185
2025-10-22 20:00:00,103,186
2025-10-22 21:00:00,94,185
2025-10-22 22:00:00,61,184
2025-10-22 23:00:00,42,185
2025-10-23 00:00:00,22,184
2025-10-23 01:00:00,8,180
2025-10-23 02:00:00,17,178
2025-10-23 03:00:00,40,178
2025-10-23 04:00:00,50,179
2025-10-23 05:00:00,47,180
2025-10-23 06:00:00,65,182
2025-10-23 07:00:00,67,182
2025-10-23 08:00:00,167,214
2025-10-23 09:00:00,169,211
2025-10-23 10:00:00,146,212
2025-10-23 11:00:00,99,213
2025-10-23 12:00:00,98,213
2025-10-23 13:00:00,99,214
2025-10-23 14:00:00,98,214
2025-10-23 15:00:00,99,214
2025-10-23 16:00:00,103,214
2025-10-23 17:00:00,103,188
2025-10-23 18:00:00,101,186
2025-10-23 19:00:00,102,183
2025-10-23 20:00:00,102,184
2025-10-23 21:00:00,96,184
2025-10-23 22:00:00,63,182
2025-10-23 23:00:00,42,183
2025-10-24 00:00:00,27,181
2025-10-24 01:00:00,13,178
2025-10-24 02:00:00,18,175
2025-10-24 03:00:00,40,175
2025-10-24 04:00:00,49,176
2025-10-24 05:00:00,47,176
2025-10-24 06:00:00,64,177
2025-10-24 07:00:00,66,178
2025-10-24 08:00:00,164,215
2025-10-24 09:00:00,166,213
2025-10-24 10:00:00,147,213
2025-10-24 11:00:00,98,213
2025-10-24 12:00:00,97,214
2025-10-24 13:00:00,97,215
2025-10-24 14:00:00,97,215
2025-10-24 15:00:00,98,215
2025-10-24 16:00:00,101,215
2025-10-24 17:00:00,101,185
2025-10-24 18:00:00,99,184
2025-10-24 19:00:00,101,181
2025-10-24 20:00:00,100,181
2025-10-24 21:00:00,95,181
2025-10-24 22:00:00,60,179
2025-10-24 23:00:00,43,180
2025-10-25 00:00:00,32,182
2025-10-25 01:00:00,16,178
2025-10-25 02:00:00,48,176
2025-10-25 03:00:00,84,176
2025-10-25 04:00:00,75,177
2025-10-25 05:00:00,75,178
2025-10-25 06:00:00,84,179
2025-10-25 07:00:00,85,179
2025-10-25 08:00:00,106,210
2025-10-25 09:00:00,142,208
2025-10-25 10:00:00,139,208
2025-10-25 11:00:00,97,210
2025-10-25 12:00:00,96,210
2025-10-25 13:00:00,97,211
2025-10-25 14:00:00,96,210
2025-10-25 15:00:00,97,211
2025-10-25 16:00:00,101,211
2025-10-25 17:00:00,101,185
2025-10-25 18:00:00,99,184
2025-10-25 19:00:00,101,182
2025-10-25 20:00:00,100,181
2025-10-25 21:00:00,93,180
2025-10-25 22:00:00,62,179
2025-10-25 23:00:00,44,180
2025-10-26 00:00:00,32,179
2025-10-26 01:00:00,19,176
2025-10-26 02:00:00,49,174
2025-10-26 03:00:00,80,177
2025-10-26 04:00:00,71,178
2025-10-26 05:00:00,70,178
2025-10-26 06:00:00,79,178
2025-10-26 07:00:00,79,177
2025-10-26 08:00:00,96,211
2025-10-26 09:00:00,139,209
2025-10-26 10:00:00,137,208
2025-10-26 11:00:00,96,208
2025-10-26 12:00:00,95,208
2025-10-26 13:00:00,95,209
2025-10-26 14:00:00,95,209
2025-10-26 15:00:00,96,209
2025-10-26 16:00:00,100,209
2025-10-26 17:00:00,101,184
2025-10-26 18:00:00,101,183
2025-10-26 19:00:00,101,180
2025-10-26 20:00:00,101,180
2025-10-26 21:00:00,94,179
2025-10-26 22:00:00,60,177
2025-10-26 23:00:00,42,177
2025-10-27 00:00:00,25,188
2025-10-27 01:00:00,10,184
2025-10-27 02:00:00,19,181
2025-10-27 03:00:00,42,183
2025-10-27 04:00:00,51,184
2025-10-27 05:00:00,47,184
2025-10-27 06:00:00,66,187
2025-10-27 07:00:00,68,188
2025-10-27 08:00:00,186,215
2025-10-27 09:00:00,188,215
2025-10-27 10:00:00,146,215
2025-10-27 11:00:00,96,215
2025-10-27 12:00:00,95,216
2025-10-27 13:00:00,96,217
2025-10-27 14:00:00,96,217
2025-10-27 15:00:00,96,217
2025-10-27 16:00:00,100,217
2025-10-27 17:00:00,100,190
2025-10-27 18:00:00,102,189
2025-10-27 19:00:00,100,186
2025-10-27 20:00:00,99,186
2025-10-27 21:00:00,94,187
2025-10-27 22:00:00,61,185
2025-10-27 23:00:00,43,186
2025-10-28 00:00:00,21,188
2025-10-28 01:00:00,7,184
2025-10-28 02:00:00,17,182
2025-10-28 03:00:00,40,181
2025-10-28 04:00:00,50,184
2025-10-28 05:00:00,47,184
2025-10-28 06:00:00,65,187
2025-10-28 07:00:00,67,188
2025-10-28 08:00:00,168,218
2025-10-28 09:00:00,170,216
2025-10-28 10:00:00,144,215
2025-10-28 11:00:00,98,215
2025-10-28 12:00:00,97,216
2025-10-28 13:00:00,98,216
2025-10-28 14:00:00,98,216
2025-10-28 15:00:00,98,216
2025-10-28 16:00:00,103,216
2025-10-28 17:00:00,103,192
2025-10-28 18:00:00,113,190
2025-10-28 19:00:00,102,187
2025-10-28 20:00:00,102,187
2025-10-28 21:00:00,95,186
2025-10-28 22:00:00,63,186
2025-10-28 23:00:00,40,187
2025-10-29 00:00:00,20,187
2025-10-29 01:00:00,8,183
2025-10-29 02:00:00,17,180
2025-10-29 03:00:00,40,179
2025-10-29 04:00:00,49,181
2025-10-29 05:00:00,46,180
2025-10-29 06:00:00,63,183
2025-10-29 07:00:00,65,184
2025-10-29 08:00:00,169,217
2025-10-29 09:00:00,170,214
2025-10-29 10:00:00,145,213
2025-10-29 11:00:00,99,214
2025-10-29 12:00:00,98,215
2025-10-29 13:00:00,98,215
2025-10-29 14:00:00,98,215
2025-10-29 15:00:00,98,215
2025-10-29 16:00:00,104,215
2025-10-29 17:00:00,104,189
2025-10-29 18:00:00,104,188
2025-10-29 19:00:00,104,185
2025-10-29 20:00:00,103,186
2025-10-29 21:00:00,94,185
2025-10-29 22:00:00,61,184
2025-10-29 23:00:00,42,185
2025-10-30 00:00:00,22,184
2025-10-30 01:00:00,8,180
2025-10-30 02:00:00,17,178
2025-10-30 03:00:00,40,178
2025-10-30 04:00:00,50,179
2025-10-30 05:00:00,47,180
2025-10-30 06:00:00,65,182
2025-10-30 07:00:00,67,182
2025-10-30 08:00:00,167,214
2025-10-30 09:00:00,169,211
2025-10-30 10:00:00,146,212
2025-10-30 11:00:00,99,213
2025-10-30 12:00:00,98,213
2025-10-30 13:00:00,99,214
2025-10-30 14:00:00,98,214
2025-10-30 15:00:00,99,214
2025-10-30 16:00:00,103,214
2025-10-30 17:00:00,103,188
2025-10-30 18:00:00,101,186
2025-10-30 19:00:00,102,183
2025-10-30 20:00:00,102,184
2025-10-30 21:00:00,96,184
2025-10-30 22:00:00,63,182
2025-10-30 23:00:00,42,183
2025-10-31 00:00:00,27,181
2025-10-31 01:00:00,13,178
2025-10-31 02:00:00,18,175
2025-10-31 03:00:00,40,175
2025-10-31 04:00:00,49,176
2025-10-31 05:00:00,47,176
2025-10-31 06:00:00,64,177
2025-10-31 07:00:00,66,178
2025-10-31 08:00:00,164,215
2025-10-31 09:00:00,166,213
2025-10-31 10:00:00,147,213
2025-10-31 11:00:00,98,213
2025-10-31 12:00:00,97,214
2025-10-31 13:00:00,97,215
2025-10-31 14:00:00,97,215
2025-10-31 15:00:00,98,215
2025-10-31 16:00:00,101,215
2025-10-31 17:00:00,101,185
2025-10-31 18:00:00,99,184
2025-10-31 19:00:00,101,181
2025-10-31 20:00:00,100,181
2025-10-31 21:00:00,95,181
2025-10-31 22:00:00,60,179
2025-10-31 23:00:00,43,180
2025-11-01 00:00:00,32,181
2025-11-01 01:00:00,16,175
2025-11-01 02:00:00,48,173
2025-11-01 03:00:00,84,173
2025-11-01 04:00:00,76,176
2025-11-01 05:00:00,75,175
2025-11-01 06:00:00,84,176
2025-11-01 07:00:00,85,176
2025-11-01 08:00:00,107,212
2025-11-01 09:00:00,142,210
2025-11-01 10:00:00,136,210
2025-11-01 11:00:00,101,211
2025-11-01 12:00:00,100,211
2025-11-01 13:00:00,100,212
2025-11-01 14:00:00,100,211
2025-11-01 15:00:00,100,211
2025-11-01 16:00:00,100,212
2025-11-01 17:00:00,100,183
2025-11-01 18:00:00,98,183
2025-11-01 19:00:00,99,180
2025-11-01 20:00:00,100,180
2025-11-01 21:00:00,101,179
2025-11-01 22:00:00,70,178
2025-11-01 23:00:00,41,178
2025-11-02 00:00:00,32,177
2025-11-02 01:00:00,19,172
2025-11-02 02:00:00,49,170
2025-11-02 03:00:00,80,174
2025-11-02 04:00:00,71,176
2025-11-02 05:00:00,71,175
2025-11-02 06:00:00,79,176
2025-11-02 07:00:00,79,175
2025-11-02 08:00:00,96,212
2025-11-02 09:00:00,138,210
2025-11-02 10:00:00,135,209
2025-11-02 11:00:00,99,209
2025-11-02 12:00:00,98,209
2025-11-02 13:00:00,98,210
2025-11-02 14:00:00,98,209
2025-11-02 15:00:00,98,210
2025-11-02 16:00:00,99,210
2025-11-02 17:00:00,100,182
2025-11-02 18:00:00,99,182
2025-11-02 19:00:00,99,179
2025-11-02 20:00:00,100,178
2025-11-02 21:00:00,102,177
2025-11-02 22:00:00,68,175
2025-11-02 23:00:00,38,176
2025-11-03 00:00:00,24,187
2025-11-03 01:00:00,10,182
2025-11-03 02:00:00,19,178
2025-11-03 03:00:00,41,181
2025-11-03 04:00:00,50,183
2025-11-03 05:00:00,47,182
2025-11-03 06:00:00,66,185
2025-11-03 07:00:00,68,185
2025-11-03 08:00:00,188,217
2025-11-03 09:00:00,190,217
2025-11-03 10:00:00,149,217
2025-11-03 11:00:00,102,217
2025-11-03 12:00:00,102,217
2025-11-03 13:00:00,102,219
2025-11-03 14:00:00,102,218
2025-11-03 15:00:00,102,218
2025-11-03 16:00:00,101,218
2025-11-03 17:00:00,100,190
2025-11-03 18:00:00,103,189
2025-11-03 19:00:00,100,186
2025-11-03 20:00:00,100,187
2025-11-03 21:00:00,105,186
2025-11-03 22:00:00,69,185
2025-11-03 23:00:00,39,186
2025-11-04 00:00:00,21,186
2025-11-04 01:00:00,7,181
2025-11-04 02:00:00,17,178
2025-11-04 03:00:00,40,178
2025-11-04 04:00:00,50,182
2025-11-04 05:00:00,47,181
2025-11-04 06:00:00,64,184
2025-11-04 07:00:00,66,186
2025-11-04 08:00:00,168,219
2025-11-04 09:00:00,169,217
2025-11-04 10:00:00,145,216
2025-11-04 11:00:00,101,216
2025-11-04 12:00:00,100,217
2025-11-04 13:00:00,101,217
2025-11-04 14:00:00,101,217
2025-11-04 15:00:00,101,217
2025-11-04 16:00:00,101,217
2025-11-04 17:00:00,101,190
2025-11-04 18:00:00,111,188
2025-11-04 19:00:00,100,186
2025-11-04 20:00:00,101,186
2025-11-04 21:00:00,101,184
2025-11-04 22:00:00,72,184
2025-11-04 23:00:00,37,184
2025-11-05 00:00:00,20,185
2025-11-05 01:00:00,8,179
2025-11-05 02:00:00,18,177
2025-11-05 03:00:00,40,177
2025-11-05 04:00:00,49,179
2025-11-05 05:00:00,46,178
2025-11-05 06:00:00,63,180
2025-11-05 07:00:00,65,181
2025-11-05 08:00:00,168,218
2025-11-05 09:00:00,169,215
2025-11-05 10:00:00,146,215
2025-11-05 11:00:00,102,215
2025-11-05 12:00:00,101,216
2025-11-05 13:00:00,101,216
2025-11-05 14:00:00,101,216
2025-11-05 15:00:00,102,216
2025-11-05 16:00:00,103,216
2025-11-05 17:00:00,103,187
2025-11-05 18:00:00,103,186
2025-11-05 19:00:00,103,184
2025-11-05 20:00:00,103,184
2025-11-05 21:00:00,100,183
2025-11-05 22:00:00,69,182
2025-11-05 23:00:00,40,183
2025-11-06 00:00:00,22,183
2025-11-06 01:00:00,8,177
2025-11-06 02:00:00,17,174
2025-11-06 03:00:00,40,176
2025-11-06 04:00:00,49,177
2025-11-06 05:00:00,47,177
2025-11-06 06:00:00,64,180
2025-11-06 07:00:00,66,179
2025-11-06 08:00:00,164,216
2025-11-06 09:00:00,166,213
2025-11-06 10:00:00,147,213
2025-11-06 11:00:00,103,214
2025-11-06 12:00:00,102,214
2025-11-06 13:00:00,102,216
2025-11-06 14:00:00,103,215
2025-11-06 15:00:00,103,215
2025-11-06 16:00:00,103,215
2025-11-06 17:00:00,102,185
2025-11-06 18:00:00,100,184
2025-11-06 19:00:00,102,182
2025-11-06 20:00:00,102,182
2025-11-06 21:00:00,103,182
2025-11-06 22:00:00,73,180
2025-11-06 23:00:00,38,182
2025-11-07 00:00:00,26,181
2025-11-07 01:00:00,14,175
2025-11-07 02:00:00,18,172
2025-11-07 03:00:00,40,173
2025-11-07 04:00:00,49,175
2025-11-07 05:00:00,47,174
2025-11-07 06:00:00,64,176
2025-11-07 07:00:00,66,176
2025-11-07 08:00:00,161,217
2025-11-07 09:00:00,164,214
2025-11-07 10:00:00,147,215
2025-11-07 11:00:00,102,215
2025-11-07 12:00:00,101,215
2025-11-07 13:00:00,101,217
2025-11-07 14:00:00,101,216
2025-11-07 15:00:00,102,216
2025-11-07 16:00:00,101,216
2025-11-07 17:00:00,101,184
2025-11-07 18:00:00,99,183
2025-11-07 19:00:00,101,180
2025-11-07 20:00:00,102,180
2025-11-07 21:00:00,104,180
2025-11-07 22:00:00,69,179
2025-11-07 23:00:00,40,179
2025-11-08 00:00:00,32,181
2025-11-08 01:00:00,16,175
2025-11-08 02:00:00,48,173
2025-11-08 03:00:00,84,173
2025-11-08 04:00:00,76,176
2025-11-08 05:00:00,75,175
2025-11-08 06:00:00,84,176
2025-11-08 07:00:00,85,176
2025-11-08 08:00:00,107,212
2025-11-08 09:00:00,142,210
2025-11-08 10:00:00,136,210
2025-11-08 11:00:00,101,211
2025-11-08 12:00:00,100,211
2025-11-08 13:00:00,100,212
2025-11-08 14:00:00,100,211
2025-11-08 15:00:00,100,211
2025-11-08 16:00:00,100,212
2025-11-08 17:00:00,100,183
2025-11-08 18:00:00,98,183
2025-11-08 19:00:00,99,180
2025-11-08 20:00:00,100,180
2025-11-08 21:00:00,101,179
2025-11-08 22:00:00,70,178
2025-11-08 23:00:00,41,178
2025-11-09 00:00:00,32,177
2025-11-09 01:00:00,19,172
2025-11-09 02:00:00,49,170
2025-11-09 03:00:00,80,174
2025-11-09 04:00:00,71,176
2025-11-09 05:00:00,71,175
2025-11-09 06:00:00,79,176
2025-11-09 07:00:00,79,175
2025-11-09 08:00:00,96,212
2025-11-09 09:00:00,138,210
2025-11-09 10:00:00,135,209
2025-11-09 11:00:00,99,209
2025-11-09 12:00:00,98,209
2025-11-09 13:00:00,98,210
2025-11-09 14:00:00,98,209
2025-11-09 15:00:00,98,210
2025-11-09 16:00:00,99,210
2025-11-09 17:00:00,100,182
2025-11-09 18:00:00,99,182
2025-11-09 19:00:00,99,179
2025-11-09 20:00:00,100,178
2025-11-09 21:00:00,102,177
2025-11-09 22:00:00,68,175
2025-11-09 23:00:00,38,176
2025-11-10 00:00:00,24,187
2025-11-10 01:00:00,10,182
2025-11-10 02:00:00,19,178
2025-11-10 03:00:00,41,181
2025-11-10 04:00:00,50,183
2025-11-10 05:00:00,47,182
2025-11-10 06:00:00,66,185
2025-11-10 07:00:00,68,185
2025-11-10 08:00:00,188,217
2025-11-10 09:00:00,190,217
2025-11-10 10:00:00,149,217
2025-11-10 11:00:00,102,217
2025-11-10 12:00:00,102,217
2025-11-10 13:00:00,102,219
2025-11-10 14:00:00,102,218
2025-11-10 15:00:00,102,218
2025-11-10 16:00:00,101,218
2025-11-10 17:00:00,100,190
2025-11-10 18:00:00,103,189
2025-11-10 19:00:00,100,186
2025-11-10 20:00:00,100,187
2025-11-10 21:00:00,105,186
2025-11-10 22:00:00,69,185
2025-11-10 23:00:00,39,186
2025-11-11 00:00:00,21,186
2025-11-11 01:00:00,7,181
2025-11-11 02:00:00,17,178
2025-11-11 03:00:00,40,178
2025-11-11 04:00:00,50,182
2025-11-11 05:00:00,47,181
2025-11-11 06:00:00,64,184
2025-11-11 07:00:00,66,186
2025-11-11 08:00:00,168,219
2025-11-11 09:00:00,169,217
2025-11-11 10:00:00,145,216
2025-11-11 11:00:00,101,216
2025-11-11 12:00:00,100,217
2025-11-11 13:00:00,101,217
2025-11-11 14:00:00,101,217
2025-11-11 15:00:00,101,217
2025-11-11 16:00:00,101,217
2025-11-11 17:00:00,101,190
2025-11-11 18:00:00,111,188
2025-11-11 19:00:00,100,186
2025-11-11 20:00:00,101,186
2025-11-11 21:00:00,101,184
2025-11-11 22:00:00,72,184
2025-11-11 23:00:00,37,184
2025-11-12 00:00:00,20,185
2025-11-12 01:00:00,8,179
2025-11-12 02:00:00,18,177
2025-11-12 03:00:00,40,177
2025-11-12 04:00:00,49,179
2025-11-12 05:00:00,46,178
2025-11-12 06:00:00,63,180
2025-11-12 07:00:00,65,181
2025-11-12 08:00:00,168,218
2025-11-12 09:00:00,169,215
2025-11-12 10:00:00,146,215
2025-11-12 11:00:00,102,215
2025-11-12 12:00:00,101,216
2025-11-12 13:00:00,101,216
2025-11-12 14:00:00,101,216
2025-11-12 15:00:00,102,216
2025-11-12 16:00:00,103,216
2025-11-12 17:00:00,103,187
2025-11-12 18:00:00,103,186
2025-11-12 19:00:00,103,184
2025-11-12 20:00:00,103,184
2025-11-12 21:00:00,100,183
2025-11-12 22:00:00,69,182
2025-11-12 23:00:00,40,183
2025-11-13 00:00:00,22,183
2025-11-13 01:00:00,8,177
2025-11-13 02:00:00,17,174
2025-11-13 03:00:00,40,176
2025-11-13 04:00:00,49,177
2025-11-13 05:00:00,47,177
2025-11-13 06:00:00,64,180
2025-11-13 07:00:00,66,179
2025-11-13 08:00:00,164,216
2025-11-13 09:00:00,166,213
2025-11-13 10:00:00,147,213
2025-11-13 11:00:00,103,214
2025-11-13 12:00:00,102,214
2025-11-13 13:00:00,102,216
2025-11-13 14:00:00,103,215
2025-11-13 15:00:00,103,215
2025-11-13 16:00:00,103,215
2025-11-13 17:00:00,102,185
2025-11-13 18:00:00,100,184
2025-11-13 19:00:00,102,182
2025-11-13 20:00:00,102,182
2025-11-13 21:00:00,103,182
2025-11-13 22:00:00,73,180
2025-11-13 23:00:00,38,182
2025-11-14 00:00:00,26,181
2025-11-14 01:00:00,14,175
2025-11-14 02:00:00,18,172
2025-11-14 03:00:00,40,173
2025-11-14 04:00:00,49,175
2025-11-14 05:00:00,47,174
2025-11-14 06:00:00,64,176
2025-11-14 07:00:00,66,176
2025-11-14 08:00:00,161,217
2025-11-14 09:00:00,164,214
2025-11-14 10:00:00,147,215
2025-11-14 11:00:00,102,215
2025-11-14 12:00:00,101,215
2025-11-14 13:00:00,101,217
2025-11-14 14:00:00,101,216
2025-11-14 15:00:00,102,216
2025-11-14 16:00:00,101,216
2025-11-14 17:00:00,101,184
2025-11-14 18:00:00,99,183
2025-11-14 19:00:00,101,180
2025-11-14 20:00:00,102,180
2025-11-14 21:00:00,104,180
2025-11-14 22:00:00,69,179
2025-11-14 23:00:00,40,179
2025-11-15 00:00:00,32,181
2025-11-15 01:00:00,16,175
2025-11-15 02:00:00,48,173
2025-11-15 03:00:00,84,173
2025-11-15 04:00:00,76,176
2025-11-15 05:00:00,75,175
2025-11-15 06:00:00,84,176
2025-11-15 07:00:00,85,176
2025-11-15 08:00:00,107,212
2025-11-15 09:00:00,142,210
2025-11-15 10:00:00,136,210
2025-11-15 11:00:00,101,211
2025-11-15 12:00:00,100,211
2025-11-15 13:00:00,100,212
2025-11-15 14:00:00,100,211
2025-11-15 15:00:00,100,211
2025-11-15 16:00:00,100,212
2025-11-15 17:00:00,100,183
2025-11-15 18:00:00,98,183
2025-11-15 19:00:00,99,180
2025-11-15 20:00:00,100,180
2025-11-15 21:00:00,101,179
2025-11-15 22:00:00,70,178
2025-11-15 23:00:00,41,178
2025-11-16 00:00:00,32,177
2025-11-16 01:00:00,19,172
2025-11-16 02:00:00,49,170
2025-11-16 03:00:00,80,174
2025-11-16 04:00:00,71,176
2025-11-16 05:00:00,71,175
2025-11-16 06:00:00,79,176
2025-11-16 07:00:00,79,175
2025-11-16 08:00:00,96,212
2025-11-16 09:00:00,138,210
2025-11-16 10:00:00,135,209
2025-11-16 11:00:00,99,209
2025-11-16 12:00:00,98,209
2025-11-16 13:00:00,98,210
2025-11-16 14:00:00,98,209
2025-11-16 15:00:00,98,210
2025-11-16 16:00:00,99,210
2025-11-16 17:00:00,100,182
2025-11-16 18:00:00,99,182
2025-11-16 19:00:00,99,179
2025-11-16 20:00:00,100,178
2025-11-16 21:00:00,102,177
2025-11-16 22:00:00,68,175
2025-11-16 23:00:00,38,176
2025-11-17 00:00:00,24,187
2025-11-17 01:00:00,10,182
2025-11-17 02:00:00,19,178
2025-11-17 03:00:00,41,181
2025-11-17 04:00:00,50,183
2025-11-17 05:00:00,47,182
2025-11-17 06:00:00,66,185
2025-11-17 07:00:00,68,185
2025-11-17 08:00:00,188,217
2025-11-17 09:00:00,190,217
2025-11-17 10:00:00,149,217
2025-11-17 11:00:00,102,217
2025-11-17 12:00:00,102,217
2025-11-17 13:00:00,102,219
2025-11-17 14:00:00,102,218
2025-11-17 15:00:00,102,218
2025-11-17 16:00:00,101,218
2025-11-17 17:00:00,100,190
2025-11-17 18:00:00,103,189
2025-11-17 19:00:00,100,186
2025-11-17 20:00:00,100,187
2025-11-17 21:00:00,105,186
2025-11-17 22:00:00,69,185
2025-11-17 23:00:00,39,186
2025-11-18 00:00:00,21,186
2025-11-18 01:00:00,7,181
2025-11-18 02:00:00,17,178
2025-11-18 03:00:00,40,178
2025-11-18 04:00:00,50,182
2025-11-18 05:00:00,47,181
2025-11-18 06:00:00,64,184
2025-11-18 07:00:00,66,186
2025-11-18 08:00:00,168,219
2025-11-18 09:00:00,169,217
2025-11-18 10:00:00,145,216
2025-11-18 11:00:00,101,216
2025-11-18 12:00:00,100,217
2025-11-18 13:00:00,101,217
2025-11-18 14:00:00,101,217
2025-11-18 15:00:00,101,217
2025-11-18 16:00:00,101,217
2025-11-18 17:00:00,101,190
2025-11-18 18:00:00,111,188
2025-11-18 19:00:00,100,186
2025-11-18 20:00:00,101,186
2025-11-18 21:00:00,101,184
2025-11-18 22:00:00,72,184
2025-11-18 23:00:00,37,184
2025-11-19 00:00:00,20,185
2025-11-19 01:00:00,8,179
2025-11-19 02:00:00,18,177
2025-11-19 03:00:00,40,177
2025-11-19 04:00:00,49,179
2025-11-19 05:00:00,46,178
2025-11-19 06:00:00,63,180
2025-11-19 07:00:00,65,181
2025-11-19 08:00:00,168,218
2025-11-19 09:00:00,169,215
2025-11-19 10:00:00,146,215
2025-11-19 11:00:00,102,215
2025-11-19 12:00:00,101,216
2025-11-19 13:00:00,101,216
2025-11-19 14:00:00,101,216
2025-11-19 15:00:00,102,216
2025-11-19 16:00:00,103,216
2025-11-19 17:00:00,103,187
2025-11-19 18:00:00,103,186
2025-11-19 19:00:00,103,184
2025-11-19 20:00:00,103,184
2025-11-19 21:00:00,100,183
2025-11-19 22:00:00,69,182
2025-11-19 23:00:00,40,183
2025-11-20 00:00:00,22,183
2025-11-20 01:00:00,8,177
2025-11-20 02:00:00,17,174
2025-11-20 03:00:00,40,176
2025-11-20 04:00:00,49,177
2025-11-20 05:00:00,47,177
2025-11-20 06:00:00,64,180
2025-11-20 07:00:00,66,179
2025-11-20 08:00:00,164,216
2025-11-20 09:00:00,166,213
2025-11-20 10:00:00,147,213
2025-11-20 11:00:00,103,214
2025-11-20 12:00:00,102,214
2025-11-20 13:00:00,102,216
2025-11-20 14:00:00,103,215
2025-11-20 15:00:00,103,215
2025-11-20 16:00:00,103,215
2025-11-20 17:00:00,102,185
2025-11-20 18:00:00,100,184
2025-11-20 19:00:00,102,182
2025-11-20 20:00:00,102,182
2025-11-20 21:00:00,103,182
2025-11-20 22:00:00,73,180
2025-11-20 23:00:00,38,182
2025-11-21 00:00:00,26,181
2025-11-21 01:00:00,14,175
2025-11-21 02:00:00,18,172
2025-11-21 03:00:00,40,173
2025-11-21 04:00:00,49,175
2025-11-21 05:00:00,47,174
2025-11-21 06:00:00,64,176
2025-11-21 07:00:00,66,176
2025-11-21 08:00:00,161,217
2025-11-21 09:00:00,164,214
2025-11-21 10:00:00,147,215
2025-11-21 11:00:00,102,215
2025-11-21 12:00:00,101,215
2025-11-21 13:00:00,101,217
2025-11-21 14:00:00,101,216
2025-11-21 15:00:00,102,216
2025-11-21 16:00:00,101,216
2025-11-21 17:00:00,101,184
2025-11-21 18:00:00,99,183
2025-11-21 19:00:00,101,180
2025-11-21 20:00:00,102,180
2025-11-21 21:00:00,104,180
2025-11-21 22:00:00,69,179
2025-11-21 23:00:00,40,179
2025-11-22 00:00:00,32,181
2025-11-22 01:00:00,16,175
2025-11-22 02:00:00,48,173
2025-11-22 03:00:00,84,173
2025-11-22 04:00:00,76,176
2025-11-22 05:00:00,75,175
2025-11-22 06:00:00,84,176
2025-11-22 07:00:00,85,176
2025-11-22 08:00:00,107,212
2025-11-22 09:00:00,142,210
2025-11-22 10:00:00,136,210
2025-11-22 11:00:00,101,211
2025-11-22 12:00:00,100,211
2025-11-22 13:00:00,100,212
2025-11-22 14:00:00,100,211
2025-11-22 15:00:00,100,211
2025-11-22 16:00:00,100,212
2025-11-22 17:00:00,100,183
2025-11-22 18:00:00,98,183
2025-11-22 19:00:00,99,180
2025-11-22 20:00:00,100,180
2025-11-22 21:00:00,101,179
2025-11-22 22:00:00,70,178
2025-11-22 23:00:00,41,178
2025-11-23 00:00:00,32,177
2025-11-23 01:00:00,19,172
2025-11-23 02:00:00,49,170
2025-11-23 03:00:00,80,174
2025-11-23 04:00:00,71,176
2025-11-23 05:00:00,71,175
2025-11-23 06:00:00,79,176
2025-11-23 07:00:00,79,175
2025-11-23 08:00:00,96,212
2025-11-23 09:00:00,138,210
2025-11-23 10:00:00,135,209
2025-11-23 11:00:00,99,209
2025-11-23 12:00:00,98,209
2025-11-23 13:00:00,98,210
2025-11-23 14:00:00,98,209
2025-11-23 15:00:00,98,210
2025-11-23 16:00:00,99,210
2025-11-23 17:00:00,100,182
2025-11-23 18:00:00,99,182
2025-11-23 19:00:00,99,179
2025-11-23 20:00:00,100,178
2025-11-23 21:00:00,102,177
2025-11-23 22:00:00,68,175
2025-11-23 23:00:00,38,176
2025-11-24 00:00:00,24,187
2025-11-24 01:00:00,10,182
2025-11-24 02:00:00,19,178
2025-11-24 03:00:00,41,181
2025-11-24 04:00:00,50,183
2025-11-24 05:00:00,47,182
2025-11-24 06:00:00,66,185
2025-11-24 07:00:00,68,185
2025-11-24 08:00:00,188,217
2025-11-24 09:00:00,190,217
2025-11-24 10:00:00,149,217
2025-11-24 11:00:00,102,217
2025-11-24 12:00:00,102,217
2025-11-24 13:00:00,102,219
2025-11-24 14:00:00,102,218
2025-11-24 15:00:00,102,218
2025-11-24 16:00:00,101,218
2025-11-24 17:00:00,100,190
2025-11-24 18:00:00,103,189
2025-11-24 19:00:00,100,186
2025-11-24 20:00:00,100,187
2025-11-24 21:00:00,105,186
2025-11-24 22:00:00,69,185
2025-11-24 23:00:00,39,186
2025-11-25 00:00:00,21,186
2025-11-25 01:00:00,7,181
2025-11-25 02:00:00,17,178
2025-11-25 03:00:00,40,178
2025-11-25 04:00:00,50,182
2025-11-25 05:00:00,47,181
2025-11-25 06:00:00,64,184
2025-11-25 07:00:00,66,186
2025-11-25 08:00:00,168,219
2025-11-25 09:00:00,169,217
2025-11-25 10:00:00,145,216
2025-11-25 11:00:00,101,216
2025-11-25 12:00:00,100,217
2025-11-25 13:00:00,101,217
2025-11-25 14:00:00,101,217
2025-11-25 15:00:00,101,217
2025-11-25 16:00:00,101,217
2025-11-25 17:00:00,101,190
2025-11-25 18:00:00,111,188
2025-11-25 19:00:00,100,186
2025-11-25 20:00:00,101,186
2025-11-25 21:00:00,101,184
2025-11-25 22:00:00,72,184
2025-11-25 23:00:00,37,184
2025-11-26 00:00:00,20,185
2025-11-26 01:00:00,8,179
2025-11-26 02:00:00,18,177
2025-11-26 03:00:00,40,177
2025-11-26 04:00:00,49,179
2025-11-26 05:00:00,46,178
2025-11-26 06:00:00,63,180
2025-11-26 07:00:00,65,181
2025-11-26 08:00:00,168,218
2025-11-26 09:00:00,169,215
2025-11-26 10:00:00,146,215
2025-11-26 11:00:00,102,215
2025-11-26 12:00:00,101,216
2025-11-26 13:00:00,101,216
2025-11-26 14:00:00,101,216
2025-11-26 15:00:00,102,216
2025-11-26 16:00:00,103,216
2025-11-26 17:00:00,103,187
2025-11-26 18:00:00,103,186
2025-11-26 19:00:00,103,184
2025-11-26 20:00:00,103,184
2025-11-26 21:00:00,100,183
2025-11-26 22:00:00,69,182
2025-11-26 23:00:00,40,183
2025-11-27 00:00:00,22,183
2025-11-27 01:00:00,8,177
2025-11-27 02:00:00,17,174
2025-11-27 03:00:00,40,176
2025-11-27 04:00:00,49,177
2025-11-27 05:00:00,47,177
2025-11-27 06:00:00,64,180
2025-11-27 07:00:00,66,179
2025-11-27 08:00:00,164,216
2025-11-27 09:00:00,166,213
2025-11-27 10:00:00,147,213
2025-11-27 11:00:00,103,214
2025-11-27 12:00:00,102,214
2025-11-27 13:00:00,102,216
2025-11-27 14:00:00,103,215
2025-11-27 15:00:00,103,215
2025-11-27 16:00:00,103,215
2025-11-27 17:00:00,102,185
2025-11-27 18:00:00,100,184
2025-11-27 19:00:00,102,182
2025-11-27 20:00:00,102,182
2025-11-27 21:00:00,103,182
2025-11-27 22:00:00,73,180
2025-11-27 23:00:00,38,182
2025-11-28 00:00:00,26,181
2025-11-28 01:00:00,14,175
2025-11-28 02:00:00,18,172
2025-11-28 03:00:00,40,173
2025-11-28 04:00:00,49,175
2025-11-28 05:00:00,47,174
2025-11-28 06:00:00,64,176
2025-11-28 07:00:00,66,176
2025-11-28 08:00:00,161,217
2025-11-28 09:00:00,164,214
2025-11-28 10:00:00,147,215
2025-11-28 11:00:00,102,215
2025-11-28 12:00:00,101,215
2025-11-28 13:00:00,101,217
2025-11-28 14:00:00,101,216
2025-11-28 15:00:00,102,216
2025-11-28 16:00:00,101,216
2025-11-28 17:00:00,101,184
2025-11-28 18:00:00,99,183
2025-11-28 19:00:00,101,180
2025-11-28 20:00:00,102,180
2025-11-28 21:00:00,104,180
2025-11-28 22:00:00,69,179
2025-11-28 23:00:00,40,179
2025-11-29 00:00:00,32,181
2025-11-29 01:00:00,16,175
2025-11-29 02:00:00,48,173
2025-11-29 03:00:00,84,173
2025-11-29 04:00:00,76,176
2025-11-29 05:00:00,75,175
2025-11-29 06:00:00,84,176
2025-11-29 07:00:00,85,176
2025-11-29 08:00:00,107,212
2025-11-29 09:00:00,142,210
2025-11-29 10:00:00,136,210
2025-11-29 11:00:00,101,211
2025-11-29 12:00:00,100,211
2025-11-29 13:00:00,100,212
2025-11-29 14:00:00,100,211
2025-11-29 15:00:00,100,211
2025-11-29 16:00:00,100,212
2025-11-29 17:00:00,100,183
2025-11-29 18:00:00,98,183
2025-11-29 19:00:00,99,180
2025-11-29 20:00:00,100,180
2025-11-29 21:00:00,101,179
2025-11-29 22:00:00,70,178
2025-11-29 23:00:00,41,178
2025-11-30 00:00:00,32,177
2025-11-30 01:00:00,19,172
2025-11-30 02:00:00,49,170
2025-11-30 03:00:00,80,174
2025-11-30 04:00:00,71,176
2025-11-30 05:00:00,71,175
2025-11-30 06:00:00,79,176
2025-11-30 07:00:00,79,175
2025-11-30 08:00:00,96,212
2025-11-30 09:00:00,138,210
2025-11-30 10:00:00,135,209
2025-11-30 11:00:00,99,209
2025-11-30 12:00:00,98,209
2025-11-30 13:00:00,98,210
2025-11-30 14:00:00,98,209
2025-11-30 15:00:00,98,210
2025-11-30 16:00:00,99,210
2025-11-30 17:00:00,100,182
2025-11-30 18:00:00,99,182
2025-11-30 19:00:00,99,179
2025-11-30 20:00:00,100,178
2025-11-30 21:00:00,102,177
2025-11-30 22:00:00,68,175
2025-11-30 23:00:00,38,176
2025-12-01 00:00:00,23,185
2025-12-01 01:00:00,10,180
2025-12-01 02:00:00,19,178
2025-12-01 03:00:00,39,182
2025-12-01 04:00:00,48,183
2025-12-01 05:00:00,45,183
2025-12-01 06:00:00,64,187
2025-12-01 07:00:00,66,186
2025-12-01 08:00:00,179,214
2025-12-01 09:00:00,181,215
2025-12-01 10:00:00,147,214
2025-12-01 11:00:00,101,214
2025-12-01 12:00:00,100,214
2025-12-01 13:00:00,101,215
2025-12-01 14:00:00,101,215
2025-12-01 15:00:00,102,216
2025-12-01 16:00:00,100,215
2025-12-01 17:00:00,99,188
2025-12-01 18:00:00,103,187
2025-12-01 19:00:00,98,183
2025-12-01 20:00:00,99,184
2025-12-01 21:00:00,106,184
2025-12-01 22:00:00,72,182
2025-12-01 23:00:00,43,183
2025-12-02 00:00:00,20,184
2025-12-02 01:00:00,7,180
2025-12-02 02:00:00,17,179
2025-12-02 03:00:00,38,181
2025-12-02 04:00:00,47,184
2025-12-02 05:00:00,45,184
2025-12-02 06:00:00,62,188
2025-12-02 07:00:00,64,188
2025-12-02 08:00:00,160,218
2025-12-02 09:00:00,161,216
2025-12-02 10:00:00,144,215
2025-12-02 11:00:00,104,215
2025-12-02 12:00:00,103,215
2025-12-02 13:00:00,104,216
2025-12-02 14:00:00,104,216
2025-12-02 15:00:00,105,216
2025-12-02 16:00:00,103,216
2025-12-02 17:00:00,103,190
2025-12-02 18:00:00,116,188
2025-12-02 19:00:00,102,185
2025-12-02 20:00:00,102,184
2025-12-02 21:00:00,108,183
2025-12-02 22:00:00,87,182
2025-12-02 23:00:00,40,183
2025-12-03 00:00:00,19,183
2025-12-03 01:00:00,8,178
2025-12-03 02:00:00,17,177
2025-12-03 03:00:00,38,179
2025-12-03 04:00:00,47,180
2025-12-03 05:00:00,44,179
2025-12-03 06:00:00,61,183
2025-12-03 07:00:00,63,182
2025-12-03 08:00:00,160,217
2025-12-03 09:00:00,161,214
2025-12-03 10:00:00,145,213
2025-12-03 11:00:00,105,213
2025-12-03 12:00:00,104,214
2025-12-03 13:00:00,105,214
2025-12-03 14:00:00,105,214
2025-12-03 15:00:00,106,214
2025-12-03 16:00:00,104,214
2025-12-03 17:00:00,103,187
2025-12-03 18:00:00,105,186
2025-12-03 19:00:00,102,182
2025-12-03 20:00:00,103,182
2025-12-03 21:00:00,107,182
2025-12-03 22:00:00,91,180
2025-12-03 23:00:00,42,180
2025-12-04 00:00:00,20,182
2025-12-04 01:00:00,8,176
2025-12-04 02:00:00,17,175
2025-12-04 03:00:00,37,178
2025-12-04 04:00:00,46,179
2025-12-04 05:00:00,44,179
2025-12-04 06:00:00,62,182
2025-12-04 07:00:00,64,181
2025-12-04 08:00:00,153,214
2025-12-04 09:00:00,155,211
2025-12-04 10:00:00,145,211
2025-12-04 11:00:00,108,212
2025-12-04 12:00:00,107,212
2025-12-04 13:00:00,108,214
2025-12-04 14:00:00,108,214
2025-12-04 15:00:00,109,214
2025-12-04 16:00:00,104,214
2025-12-04 17:00:00,102,186
2025-12-04 18:00:00,103,185
2025-12-04 19:00:00,102,181
2025-12-04 20:00:00,103,181
2025-12-04 21:00:00,115,181
2025-12-04 22:00:00,82,179
2025-12-04 23:00:00,42,180
2025-12-05 00:00:00,24,179
2025-12-05 01:00:00,14,174
2025-12-05 02:00:00,18,172
2025-12-05 03:00:00,37,175
2025-12-05 04:00:00,46,176
2025-12-05 05:00:00,44,175
2025-12-05 06:00:00,61,177
2025-12-05 07:00:00,63,177
2025-12-05 08:00:00,151,215
2025-12-05 09:00:00,152,213
2025-12-05 10:00:00,145,213
2025-12-05 11:00:00,103,213
2025-12-05 12:00:00,102,213
2025-12-05 13:00:00,103,215
2025-12-05 14:00:00,103,214
2025-12-05 15:00:00,104,215
2025-12-05 16:00:00,101,215
2025-12-05 17:00:00,100,183
2025-12-05 18:00:00,100,182
2025-12-05 19:00:00,99,178
2025-12-05 20:00:00,101,178
2025-12-05 21:00:00,108,178
2025-12-05 22:00:00,77,177
2025-12-05 23:00:00,43,177
2025-12-06 00:00:00,31,179
2025-12-06 01:00:00,16,174
2025-12-06 02:00:00,47,172
2025-12-06 03:00:00,81,174
2025-12-06 04:00:00,73,177
2025-12-06 05:00:00,73,177
2025-12-06 06:00:00,82,179
2025-12-06 07:00:00,83,177
2025-12-06 08:00:00,103,210
2025-12-06 09:00:00,138,209
2025-12-06 10:00:00,134,209
2025-12-06 11:00:00,102,209
2025-12-06 12:00:00,101,210
2025-12-06 13:00:00,101,210
2025-12-06 14:00:00,101,210
2025-12-06 15:00:00,102,210
2025-12-06 16:00:00,100,210
2025-12-06 17:00:00,99,183
2025-12-06 18:00:00,98,183
2025-12-06 19:00:00,98,179
2025-12-06 20:00:00,99,179
2025-12-06 21:00:00,105,177
2025-12-06 22:00:00,75,176
2025-12-06 23:00:00,44,176
2025-12-07 00:00:00,31,176
2025-12-07 01:00:00,19,171
2025-12-07 02:00:00,48,170
2025-12-07 03:00:00,78,176
2025-12-07 04:00:00,69,178
2025-12-07 05:00:00,68,177
2025-12-07 06:00:00,76,178
2025-12-07 07:00:00,77,176
2025-12-07 08:00:00,93,211
2025-12-07 09:00:00,135,208
2025-12-07 10:00:00,133,207
2025-12-07 11:00:00,101,208
2025-12-07 12:00:00,100,207
2025-12-07 13:00:00,101,208
2025-12-07 14:00:00,101,208
2025-12-07 15:00:00,102,208
2025-12-07 16:00:00,99,208
2025-12-07 17:00:00,99,181
2025-12-07 18:00:00,100,181
2025-12-07 19:00:00,99,177
2025-12-07 20:00:00,100,176
2025-12-07 21:00:00,107,175
2025-12-07 22:00:00,74,173
2025-12-07 23:00:00,42,173
2025-12-08 00:00:00,23,185
2025-12-08 01:00:00,10,180
2025-12-08 02:00:00,19,178
2025-12-08 03:00:00,39,182
2025-12-08 04:00:00,48,183
2025-12-08 05:00:00,45,183
2025-12-08 06:00:00,64,187
2025-12-08 07:00:00,66,186
2025-12-08 08:00:00,179,214
2025-12-08 09:00:00,181,215
2025-12-08 10:00:00,147,214
2025-12-08 11:00:00,101,214
2025-12-08 12:00:00,100,214
2025-12-08 13:00:00,101,215
2025-12-08 14:00:00,101,215
2025-12-08 15:00:00,102,216
2025-12-08 16:00:00,100,215
2025-12-08 17:00:00,99,188
2025-12-08 18:00:00,103,187
2025-12-08 19:00:00,98,183
2025-12-08 20:00:00,99,184
2025-12-08 21:00:00,106,184
2025-12-08 22:00:00,72,182
2025-12-08 23:00:00,43,183
2025-12-09 00:00:00,20,184
2025-12-09 01:00:00,7,180
2025-12-09 02:00:00,17,179
2025-12-09 03:00:00,38,181
2025-12-09 04:00:00,47,184
2025-12-09 05:00:00,45,184
2025-12-09 06:00:00,62,188
2025-12-09 07:00:00,64,188
2025-12-09 08:00:00,160,218
2025-12-09 09:00:00,161,216
2025-12-09 10:00:00,144,215
2025-12-09 11:00:00,104,215
2025-12-09 12:00:00,103,215
2025-12-09 13:00:00,104,216
2025-12-09 14:00:00,104,216
2025-12-09 15:00:00,105,216
2025-12-09 16:00:00,103,216
2025-12-09 17:00:00,103,190
2025-12-09 18:00:00,116,188
2025-12-09 19:00:00,102,185
2025-12-09 20:00:00,102,184
2025-12-09 21:00:00,108,183
2025-12-09 22:00:00,87,182
2025-12-09 23:00:00,40,183
2025-12-10 00:00:00,19,183
2025-12-10 01:00:00,8,178
2025-12-10 02:00:00,17,177
2025-12-10 03:00:00,38,179
2025-12-10 04:00:00,47,180
2025-12-10 05:00:00,44,179
2025-12-10 06:00:00,61,183
2025-12-10 07:00:00,63,182
2025-12-10 08:00:00,160,217
2025-12-10 09:00:00,161,214
2025-12-10 10:00:00,145,213
2025-12-10 11:00:00,105,213
2025-12-10 12:00:00,104,214
2025-12-10 13:00:00,105,214
2025-12-10 14:00:00,105,214
2025-12-10 15:00:00,106,214
2025-12-10 16:00:00,104,214
2025-12-10 17:00:00,103,187
2025-12-10 18:00:00,105,186
2025-12-10 19:00:00,102,182
2025-12-10 20:00:00,103,182
2025-12-10 21:00:00,107,182
2025-12-10 22:00:00,91,180
2025-12-10 23:00:00,42,180
2025-12-11 00:00:00,20,182
2025-12-11 01:00:00,8,176
2025-12-11 02:00:00,17,175
2025-12-11 03:00:00,37,178
2025-12-11 04:00:00,46,179
2025-12-11 05:00:00,44,179
2025-12-11 06:00:00,62,182
2025-12-11 07:00:00,64,181
2025-12-11 08:00:00,153,214
2025-12-11 09:00:00,155,211
2025-12-11 10:00:00,145,211
2025-12-11 11:00:00,108,212
2025-12-11 12:00:00,107,212
2025-12-11 13:00:00,108,214
2025-12-11 14:00:00,108,214
2025-12-11 15:00:00,109,214
2025-12-11 16:00:00,104,214
2025-12-11 17:00:00,102,186
2025-12-11 18:00:00,103,185
2025-12-11 19:00:00,102,181
2025-12-11 20:00:00,103,181
2025-12-11 21:00:00,115,181
2025-12-11 22:00:00,82,179
2025-12-11 23:00:00,42,180
2025-12-12 00:00:00,24,179
2025-12-12 01:00:00,14,174
2025-12-12 02:00:00,18,172
2025-12-12 03:00:00,37,175
2025-12-12 04:00:00,46,176
2025-12-12 05:00:00,44,175
2025-12-12 06:00:00,61,177
2025-12-12 07:00:00,63,177
2025-12-12 08:00:00,151,215
2025-12-12 09:00:00,152,213
2025-12-12 10:00:00,145,213
2025-12-12 11:00:00,103,213
2025-12-12 12:00:00,102,213
2025-12-12 13:00:00,103,215
2025-12-12 14:00:00,103,214
2025-12-12 15:00:00,104,215
2025-12-12 16:00:00,101,215
2025-12-12 17:00:00,100,183
2025-12-12 18:00:00,100,182
2025-12-12 19:00:00,99,178
2025-12-12 20:00:00,101,178
2025-12-12 21:00:00,108,178
2025-12-12 22:00:00,77,177
2025-12-12 23:00:00,43,177
2025-12-13 00:00:00,31,179
2025-12-13 01:00:00,16,174
2025-12-13 02:00:00,47,172
2025-12-13 03:00:00,81,174
2025-12-13 04:00:00,73,177
2025-12-13 05:00:00,73,177
2025-12-13 06:00:00,82,179
2025-12-13 07:00:00,83,177
2025-12-13 08:00:00,103,210
2025-12-13 09:00:00,138,209
2025-12-13 10:00:00,134,209
2025-12-13 11:00:00,102,209
2025-12-13 12:00:00,101,210
2025-12-13 13:00:00,101,210
2025-12-13 14:00:00,101,210
2025-12-13 15:00:00,102,210
2025-12-13 16:00:00,100,210
2025-12-13 17:00:00,99,183
2025-12-13 18:00:00,98,183
2025-12-13 19:00:00,98,179
2025-12-13 20:00:00,99,179
2025-12-13 21:00:00,105,177
2025-12-13 22:00:00,75,176
2025-12-13 23:00:00,44,176
2025-12-14 00:00:00,31,176
2025-12-14 01:00:00,19,171
2025-12-14 02:00:00,48,170
2025-12-14 03:00:00,78,176
2025-12-14 04:00:00,69,178
2025-12-14 05:00:00,68,177
2025-12-14 06:00:00,76,178
2025-12-14 07:00:00,77,176
2025-12-14 08:00:00,93,211
2025-12-14 09:00:00,135,208
2025-12-14 10:00:00,133,207
2025-12-14 11:00:00,101,208
2025-12-14 12:00:00,100,207
2025-12-14 13:00:00,101,208
2025-12-14 14:00:00,101,208
2025-12-14 15:00:00,102,208
2025-12-14 16:00:00,99,208
2025-12-14 17:00:00,99,181
2025-12-14 18:00:00,100,181
2025-12-14 19:00:00,99,177
2025-12-14 20:00:00,100,176
2025-12-14 21:00:00,107,175
2025-12-14 22:00:00,74,173
2025-12-14 23:00:00,42,173
2025-12-15 00:00:00,23,185
2025-12-15 01:00:00,10,180
2025-12-15 02:00:00,19,178
2025-12-15 03:00:00,39,182
2025-12-15 04:00:00,48,183
2025-12-15 05:00:00,45,183
2025-12-15 06:00:00,64,187
2025-12-15 07:00:00,66,186
2025-12-15 08:00:00,179,214
2025-12-15 09:00:00,181,215
2025-12-15 10:00:00,147,214
2025-12-15 11:00:00,101,214
2025-12-15 12:00:00,100,214
2025-12-15 13:00:00,101,215
2025-12-15 14:00:00,101,215
2025-12-15 15:00:00,102,216
2025-12-15 16:00:00,100,215
2025-12-15 17:00:00,99,188
2025-12-15 18:00:00,103,187
2025-12-15 19:00:00,98,183
2025-12-15 20:00:00,99,184
2025-12-15 21:00:00,106,184
2025-12-15 22:00:00,72,182
2025-12-15 23:00:00,43,183
2025-12-16 00:00:00,20,184
2025-12-16 01:00:00,7,180
2025-12-16 02:00:00,17,179
2025-12-16 03:00:00,38,181
2025-12-16 04:00:00,47,184
2025-12-16 05:00:00,45,184
2025-12-16 06:00:00,62,188
2025-12-16 07:00:00,64,188
2025-12-16 08:00:00,160,218
2025-12-16 09:00:00,161,216
2025-12-16 10:00:00,144,215
2025-12-16 11:00:00,104,215
2025-12-16 12:00:00,103,215
2025-12-16 13:00:00,104,216
2025-12-16 14:00:00,104,216
2025-12-16 15:00:00,105,216
2025-12-16 16:00:00,103,216
2025-12-16 17:00:00,103,190
2025-12-16 18:00:00,116,188
2025-12-16 19:00:00,102,185
2025-12-16 20:00:00,102,184
2025-12-16 21:00:00,108,183
2025-12-16 22:00:00,87,182
2025-12-16 23:00:00,40,183
2025-12-17 00:00:00,19,183
2025-12-17 01:00:00,8,178
2025-12-17 02:00:00,17,177
2025-12-17 03:00:00,38,179
2025-12-17 04:00:00,47,180
2025-12-17 05:00:00,44,179
2025-12-17 06:00:00,61,183
2025-12-17 07:00:00,63,182
2025-12-17 08:00:00,160,217
2025-12-17 09:00:00,161,214
2025-12-17 10:00:00,145,213
2025-12-17 11:00:00,105,213
2025-12-17 12:00:00,104,214
2025-12-17 13:00:00,105,214
2025-12-17 14:00:00,105,214
2025-12-17 15:00:00,106,214
2025-12-17 16:00:00,104,214
2025-12-17 17:00:00,103,187
2025-12-17 18:00:00,105,186
2025-12-17 19:00:00,102,182
2025-12-17 20:00:00,103,182
2025-12-17 21:00:00,107,182
2025-12-17 22:00:00,91,180
2025-12-17 23:00:00,42,180
2025-12-18 00:00:00,20,182
2025-12-18 01:00:00,8,176
2025-12-18 02:00:00,17,175
2025-12-18 03:00:00,37,178
2025-12-18 04:00:00,46,179
2025-12-18 05:00:00,44,179
2025-12-18 06:00:00,62,182
2025-12-18 07:00:00,64,181
2025-12-18 08:00:00,153,214
2025-12-18 09:00:00,155,211
2025-12-18 10:00:00,145,211
2025-12-18 11:00:00,108,212
2025-12-18 12:00:00,107,212
2025-12-18 13:00:00,108,214
2025-12-18 14:00:00,108,214
2025-12-18 15:00:00,109,214
2025-12-18 16:00:00,104,214
2025-12-18 17:00:00,102,186
2025-12-18 18:00:00,103,185
2025-12-18 19:00:00,102,181
2025-12-18 20:00:00,103,181
2025-12-18 21:00:00,115,181
2025-12-18 22:00:00,82,179
2025-12-18 23:00:00,42,180
2025-12-19 00:00:00,24,179
2025-12-19 01:00:00,14,174
2025-12-19 02:00:00,18,172
2025-12-19 03:00:00,37,175
2025-12-19 04:00:00,46,176
2025-12-19 05:00:00,44,175
2025-12-19 06:00:00,61,177
2025-12-19 07:00:00,63,177
2025-12-19 08:00:00,151,215
2025-12-19 09:00:00,152,213
2025-12-19 10:00:00,145,213
2025-12-19 11:00:00,103,213
2025-12-19 12:00:00,102,213
2025-12-19 13:00:00,103,215
2025-12-19 14:00:00,103,214
2025-12-19 15:00:00,104,215
2025-12-19 16:00:00,101,215
2025-12-19 17:00:00,100,183
2025-12-19 18:00:00,100,182
2025-12-19 19:00:00,99,178
2025-12-19 20:00:00,101,178
2025-12-19 21:00:00,108,178
2025-12-19 22:00:00,77,177
2025-12-19 23:00:00,43,177
2025-12-20 00:00:00,31,179
2025-12-20 01:00:00,16,174
2025-12-20 02:00:00,47,172
2025-12-20 03:00:00,81,174
2025-12-20 04:00:00,73,177
2025-12-20 05:00:00,73,177
2025-12-20 06:00:00,82,179
2025-12-20 07:00:00,83,177
2025-12-20 08:00:00,103,210
2025-12-20 09:00:00,138,209
2025-12-20 10:00:00,134,209
2025-12-20 11:00:00,102,209
2025-12-20 12:00:00,101,210
2025-12-20 13:00:00,101,210
2025-12-20 14:00:00,101,210
2025-12-20 15:00:00,102,210
2025-12-20 16:00:00,100,210
2025-12-20 17:00:00,99,183
2025-12-20 18:00:00,98,183
2025-12-20 19:00:00,98,179
2025-12-20 20:00:00,99,179
2025-12-20 21:00:00,105,177
2025-12-20 22:00:00,75,176
2025-12-20 23:00:00,44,176
2025-12-21 00:00:00,31,176
2025-12-21 01:00:00,19,171
2025-12-21 02:00:00,48,170
2025-12-21 03:00:00,78,176
2025-12-21 04:00:00,69,178
2025-12-21 05:00:00,68,177
2025-12-21 06:00:00,76,178
2025-12-21 07:00:00,77,176
2025-12-21 08:00:00,93,211
2025-12-21 09:00:00,135,208
2025-12-21 10:00:00,133,207
2025-12-21 11:00:00,101,208
2025-12-21 12:00:00,100,207
2025-12-21 13:00:00,101,208
2025-12-21 14:00:00,101,208
2025-12-21 15:00:00,102,208
2025-12-21 16:00:00,99,208
2025-12-21 17:00:00,99,181
2025-12-21 18:00:00,100,181
2025-12-21 19:00:00,99,177
2025-12-21 20:00:00,100,176
2025-12-21 21:00:00,107,175
2025-12-21 22:00:00,74,173
2025-12-21 23:00:00,42,173
2025-12-22 00:00:00,23,185
2025-12-22 01:00:00,10,180
2025-12-22 02:00:00,19,178
2025-12-22 03:00:00,39,182
2025-12-22 04:00:00,48,183
2025-12-22 05:00:00,45,183
2025-12-22 06:00:00,64,187
2025-12-22 07:00:00,66,186
2025-12-22 08:00:00,179,214
2025-12-22 09:00:00,181,215
2025-12-22 10:00:00,147,214
2025-12-22 11:00:00,101,214
2025-12-22 12:00:00,100,214
2025-12-22 13:00:00,101,215
2025-12-22 14:00:00,101,215
2025-12-22 15:00:00,102,216
2025-12-22 16:00:00,100,215
2025-12-22 17:00:00,99,188
2025-12-22 18:00:00,103,187
2025-12-22 19:00:00,98,183
2025-12-22 20:00:00,99,184
2025-12-22 21:00:00,106,184
2025-12-22 22:00:00,72,182
2025-12-22 23:00:00,43,183
2025-12-23 00:00:00,20,184
2025-12-23 01:00:00,7,180
2025-12-23 02:00:00,17,179
2025-12-23 03:00:00,38,181
2025-12-23 04:00:00,47,184
2025-12-23 05:00:00,45,184
2025-12-23 06:00:00,62,188
2025-12-23 07:00:00,64,188
2025-12-23 08:00:00,160,218
2025-12-23 09:00:00,161,216
2025-12-23 10:00:00,144,215
2025-12-23 11:00:00,104,215
2025-12-23 12:00:00,103,215
2025-12-23 13:00:00,104,216
2025-12-23 14:00:00,104,216
2025-12-23 15:00:00,105,216
2025-12-23 16:00:00,103,216
2025-12-23 17:00:00,103,190
2025-12-23 18:00:00,116,188
2025-12-23 19:00:00,102,185
2025-12-23 20:00:00,102,184
2025-12-23 21:00:00,108,183
2025-12-23 22:00:00,87,182
2025-12-23 23:00:00,40,183
2025-12-24 00:00:00,19,183
2025-12-24 01:00:00,8,178
2025-12-24 02:00:00,17,177
2025-12-24 03:00:00,38,179
2025-12-24 04:00:00,47,180
2025-12-24 05:00:00,44,179
2025-12-24 06:00:00,61,183
2025-12-24 07:00:00,63,182
2025-12-24 08:00:00,160,217
2025-12-24 09:00:00,161,214
2025-12-24 10:00:00,145,213
2025-12-24 11:00:00,105,213
2025-12-24 12:00:00,104,214
2025-12-24 13:00:00,105,214
2025-12-24 14:00:00,105,214
2025-12-24 15:00:00,106,214
2025-12-24 16:00:00,104,214
2025-12-24 17:00:00,103,187
2025-12-24 18:00:00,105,186
2025-12-24 19:00:00,102,182
2025-12-24 20:00:00,103,182
2025-12-24 21:00:00,107,182
2025-12-24 22:00:00,91,180
2025-12-24 23:00:00,42,180
2025-12-25 00:00:00,20,182
2025-12-25 01:00:00,8,176
2025-12-25 02:00:00,17,175
2025-12-25 03:00:00,37,178
2025-12-25 04:00:00,46,179
2025-12-25 05:00:00,44,179
2025-12-25 06:00:00,62,182
2025-12-25 07:00:00,64,181
2025-12-25 08:00:00,153,214
2025-12-25 09:00:00,155,211
2025-12-25 10:00:00,145,211
2025-12-25 11:00:00,108,212
2025-12-25 12:00:00,107,212
2025-12-25 13:00:00,108,214
2025-12-25 14:00:00,108,214
2025-12-25 15:00:00,109,214
2025-12-25 16:00:00,104,214
2025-12-25 17:00:00,102,186
2025-12-25 18:00:00,103,185
2025-12-25 19:00:00,102,181
2025-12-25 20:00:00,103,181
2025-12-25 21:00:00,115,181
2025-12-25 22:00:00,82,179
2025-12-25 23:00:00,42,180
2025-12-26 00:00:00,24,179
2025-12-26 01:00:00,14,174
2025-12-26 02:00:00,18,172
2025-12-26 03:00:00,37,175
2025-12-26 04:00:00,46,176
2025-12-26 05:00:00,44,175
2025-12-26 06:00:00,61,177
2025-12-26 07:00:00,63,177
2025-12-26 08:00:00,151,215
2025-12-26 09:00:00,152,213
2025-12-26 10:00:00,145,213
2025-12-26 11:00:00,103,213
2025-12-26 12:00:00,102,213
2025-12-26 13:00:00,103,215
2025-12-26 14:00:00,103,214
2025-12-26 15:00:00,104,215
2025-12-26 16:00:00,101,215
2025-12-26 17:00:00,100,183
2025-12-26 18:00:00,100,182
2025-12-26 19:00:00,99,178
2025-12-26 20:00:00,101,178
2025-12-26 21:00:00,108,178
2025-12-26 22:00:00,77,177
2025-12-26 23:00:00,43,177
2025-12-27 00:00:00,31,179
2025-12-27 01:00:00,16,174
2025-12-27 02:00:00,47,172
2025-12-27 03:00:00,81,174
2025-12-27 04:00:00,73,177
2025-12-27 05:00:00,73,177
2025-12-27 06:00:00,82,179
2025-12-27 07:00:00,83,177
2025-12-27 08:00:00,103,210
2025-12-27 09:00:00,138,209
2025-12-27 10:00:00,134,209
2025-12-27 11:00:00,102,209
2025-12-27 12:00:00,101,210
2025-12-27 13:00:00,101,210
2025-12-27 14:00:00,101,210
2025-12-27 15:00:00,102,210
2025-12-27 16:00:00,100,210
2025-12-27 17:00:00,99,183
2025-12-27 18:00:00,98,183
2025-12-27 19:00:00,98,179
2025-12-27 20:00:00,99,179
2025-12-27 21:00:00,105,177
2025-12-27 22:00:00,75,176
2025-12-27 23:00:00,44,176
2025-12-28 00:00:00,31,176
2025-12-28 01:00:00,19,171
2025-12-28 02:00:00,48,170
2025-12-28 03:00:00,78,176
2025-12-28 04:00:00,69,178
2025-12-28 05:00:00,68,177
2025-12-28 06:00:00,76,178
2025-12-28 07:00:00,77,176
2025-12-28 08:00:00,93,211
2025-12-28 09:00:00,135,208
2025-12-28 10:00:00,133,207
2025-12-28 11:00:00,101,208
2025-12-28 12:00:00,100,207
2025-12-28 13:00:00,101,208
2025-12-28 14:00:00,101,208
2025-12-28 15:00:00,102,208
2025-12-28 16:00:00,99,208
2025-12-28 17:00:00,99,181
2025-12-28 18:00:00,100,181
2025-12-28 19:00:00,99,177
2025-12-28 20:00:00,100,176
2025-12-28 21:00:00,107,175
2025-12-28 22:00:00,74,173
2025-12-28 23:00:00,42,173
2025-12-29 00:00:00,23,185
2025-12-29 01:00:00,10,180
2025-12-29 02:00:00,19,178
2025-12-29 03:00:00,39,182
2025-12-29 04:00:00,48,183
2025-12-29 05:00:00,45,183
2025-12-29 06:00:00,64,187
2025-12-29 07:00:00,66,186
2025-12-29 08:00:00,179,214
2025-12-29 09:00:00,181,215
2025-12-29 10:00:00,147,214
2025-12-29 11:00:00,101,214
2025-12-29 12:00:00,100,214
2025-12-29 13:00:00,101,215
2025-12-29 14:00:00,101,215
2025-12-29 15:00:00,102,216
2025-12-29 16:00:00,100,215
2025-12-29 17:00:00,99,188
2025-12-29 18:00:00,103,187
2025-12-29 19:00:00,98,183
2025-12-29 20:00:00,99,184
2025-12-29 21:00:00,106,184
2025-12-29 22:00:00,72,182
2025-12-29 23:00:00,43,183
2025-12-30 00:00:00,20,184
2025-12-30 01:00:00,7,180
2025-12-30 02:00:00,17,179
2025-12-30 03:00:00,38,181
2025-12-30 04:00:00,47,184
2025-12-30 05:00:00,45,184
2025-12-30 06:00:00,62,188
2025-12-30 07:00:00,64,188
2025-12-30 08:00:00,160,218
2025-12-30 09:00:00,161,216
2025-12-30 10:00:00,144,215
2025-12-30 11:00:00,104,215
2025-12-30 12:00:00,103,215
2025-12-30 13:00:00,104,216
2025-12-30 14:00:00,104,216
2025-12-30 15:00:00,105,216
2025-12-30 16:00:00,103,216
2025-12-30 17:00:00,103,190
2025-12-30 18:00:00,116,188
2025-12-30 19:00:00,102,185
2025-12-30 20:00:00,102,184
2025-12-30 21:00:00,108,183
2025-12-30 22:00:00,87,182
2025-12-30 23:00:00,40,183
2025-12-31 00:00:00,19,183
2025-12-31 01:00:00,8,178
2025-12-31 02:00:00,17,177
2025-12-31 03:00:00,38,179
2025-12-31 04:00:00,47,180
2025-12-31 05:00:00,44,179
2025-12-31 06:00:00,61,183
2025-12-31 07:00:00,63,182
2025-12-31 08:00:00,160,217
2025-12-31 09:00:00,161,214
2025-12-31 10:00:00,145,213
2025-12-31 11:00:00,105,213
2025-12-31 12:00:00,104,214
2025-12-31 13:00:00,105,214
2025-12-31 14:00:00,105,214
2025-12-31 15:00:00,106,214
2025-12-31 16:00:00,104,214
2025-12-31 17:00:00,103,187
2025-12-31 18:00:00,105,186
2025-12-31 19:00:00,102,182
2025-12-31 20:00:00,103,182
2025-12-31 21:00:00,107,182
2025-12-31 22:00:00,91,180
2025-12-31 23:00:00,42,180
2026-01-01 00:00:00,22,182
2026-01-01 01:00:00,8,176
2026-01-01 02:00:00,18,174
2026-01-01 03:00:00,41,175
2026-01-01 04:00:00,50,176
2026-01-01 05:00:00,47,177
2026-01-01 06:00:00,65,181
2026-01-01 07:00:00,67,180
2026-01-01 08:00:00,168,214
2026-01-01 09:00:00,170,211
2026-01-01 10:00:00,149,211
2026-01-01 11:00:00,106,212
2026-01-01 12:00:00,105,213
2026-01-01 13:00:00,106,215
2026-01-01 14:00:00,107,214
2026-01-01 15:00:00,107,214
2026-01-01 16:00:00,106,214
2026-01-01 17:00:00,105,186
2026-01-01 18:00:00,104,185
2026-01-01 19:00:00,104,182
2026-01-01 20:00:00,106,182
2026-01-01 21:00:00,107,182
2026-01-01 22:00:00,91,180
2026-01-01 23:00:00,41,181
2026-01-02 00:00:00,27,180
2026-01-02 01:00:00,13,174
2026-01-02 02:00:00,19,171
2026-01-02 03:00:00,40,172
2026-01-02 04:00:00,50,173
2026-01-02 05:00:00,47,173
2026-01-02 06:00:00,65,176
2026-01-02 07:00:00,67,176
2026-01-02 08:00:00,165,214
2026-01-02 09:00:00,167,213
2026-01-02 10:00:00,149,213
2026-01-02 11:00:00,104,213
2026-01-02 12:00:00,104,214
2026-01-02 13:00:00,104,215
2026-01-02 14:00:00,104,215
2026-01-02 15:00:00,105,215
2026-01-02 16:00:00,103,215
2026-01-02 17:00:00,103,184
2026-01-02 18:00:00,101,183
2026-01-02 19:00:00,103,180
2026-01-02 20:00:00,104,180
2026-01-02 21:00:00,106,180
2026-01-02 22:00:00,86,178
2026-01-02 23:00:00,42,178
2026-01-03 00:00:00,28,180
2026-01-03 01:00:00,16,174
2026-01-03 02:00:00,47,172
2026-01-03 03:00:00,82,173
2026-01-03 04:00:00,75,174
2026-01-03 05:00:00,74,176
2026-01-03 06:00:00,84,178
2026-01-03 07:00:00,84,177
2026-01-03 08:00:00,107,210
2026-01-03 09:00:00,140,209
2026-01-03 10:00:00,135,209
2026-01-03 11:00:00,104,210
2026-01-03 12:00:00,103,210
